dim0,dim1,dim2,dim3,dim4,dim5,dim6,dim7,dim8,dim9,dim10,dim11,dim12,dim13,dim14,dim15,dim16,dim17,dim18,dim19,dim20,dim21,dim22,dim23,dim24,dim25,dim26,dim27,dim28,dim29,dim30,dim31,dim32,dim33,dim34,dim35,dim36,dim37,dim38,dim39,dim40,dim41,dim42,dim43,dim44,dim45,dim46,dim47,dim48,dim49,dim50,dim51,dim52,dim53,dim54,dim55,dim56,dim57,dim58,dim59,dim60,dim61,dim62,dim63,name
-16.88476,-15.809801,-27.009882,-0.39048168,4.424071,-9.683448,1.5913862,7.5735254,-9.302479,-6.30705,5.1310496,-10.729568,-2.1387067,5.312314,-0.903314,-1.8076771,-2.4463456,2.5325522,-0.41040656,-1.1277958,-3.5396848,-1.9824404,2.0089438,4.4757857,2.386584,3.3486602,-7.114532,-3.0726497,1.2219498,3.0858462,-0.87424934,1.8116107,-3.9948213,-0.72976476,0.6837691,0.050189458,0.8850354,5.104431,-1.0753082,5.4150057,-8.712989e-05,0.22928663,2.7379978,-2.6407466,0.57596886,1.359626,1.9583391,0.8858388,0.7408621,-0.03682367,1.0139585,0.81532186,-0.68512636,0.20553727,1.2079653,0.080665946,-0.6924388,-1.8322738,-1.1342291,0.43233874,-0.041324336,0.12678044,0.9361353,-1.300423,590248V44501049.jpg
12.657678,-2.4256067,-9.35546,2.4490159,-4.611319,-3.5919247,-0.8435343,0.6572619,-0.24645019,-2.8102705,-1.0526295,-1.6134675,0.3919884,4.669826,8.787858,-1.087441,0.9754266,2.640107,6.4574313,-0.15191646,0.6271129,0.92068774,0.6083525,-4.0680165,-2.0473082,2.2702672,0.670078,1.7970961,-2.2068813,-1.5820991,-1.1582668,-5.1521435,1.9232186,0.16480994,3.5077155,-1.3067894,1.2923521,-2.4513884,0.6217131,0.23129652,4.210873,1.2118548,-0.49725688,0.54996705,0.6587658,-0.2890892,-2.490725,1.4968002,3.6054573,-2.7359924,1.6559826,1.3061526,-0.42775434,2.0083961,0.7493553,0.8555794,1.4388838,0.5841278,-1.3167942,1.303477,0.4056367,-1.2115923,-0.056897767,0.27922413,590248V44501398.jpg
7.2073493,-4.5094333,0.39538884,-10.027579,-1.7830852,0.19856654,-6.1194377,-3.1376889,-2.4508264,4.718143,-0.0705672,-0.2141011,3.2567651,-3.3832743,-2.7021668,-0.34631652,-0.44347766,-1.2056261,2.1539354,3.392648,-3.155924,-1.7547888,0.44196576,0.28367984,-1.1014403,1.9772812,1.6937504,0.29602182,0.97450525,-1.9326485,1.5306371,-0.33128077,-0.80055594,0.658979,0.16586635,-1.088136,-2.1893091,1.705625,-1.9903435,0.19520396,1.0972505,0.6111935,2.2053611,-0.07418829,-0.25817767,2.2338803,-0.14818138,-1.1441848,1.191839,-0.76024264,0.45496953,0.88548416,0.6428012,-1.0546459,-0.078048006,-0.82699084,-0.5447337,0.95992243,-0.5385802,1.9260136,-1.4394317,-0.6323147,0.47060618,-0.14477728,660165V23302819.jpg
-28.59131,29.54037,-46.62077,-9.813493,9.907681,29.860271,-6.659848,-10.91063,11.847847,2.822141,-7.443972,2.9255843,4.8568153,5.692408,-1.8570852,-2.0778885,1.615425,-2.465541,0.81914324,-0.041219458,3.7177267,1.891014,0.87432086,0.70906585,0.14334297,-1.0215656,-1.5029523,0.27312115,-1.0302957,0.65754205,1.107543,0.8929824,0.56829876,-1.7846354,0.07699316,-0.0062441467,0.5297068,-1.1645201,-0.9246131,-0.013124407,-0.84688324,-0.15697113,-0.8997166,0.72195506,-0.65746015,-0.2314597,-0.2513586,-0.5339732,0.21337762,-0.079636514,0.051157385,0.31302094,-0.16850714,-0.12243929,-0.0835418,-0.37057212,0.6131795,-0.14924061,0.20035087,0.009765172,-0.005106583,-0.16620319,0.087544486,-0.15656455,709304VCPQ38803.jpg
22.439278,0.25321576,-5.6898265,-4.7833495,-0.611893,1.7075315,0.3320666,-2.2573392,-3.574922,-0.91812485,2.5874934,-0.5289288,1.9649838,0.9424267,-1.8739763,-5.404809,-0.521313,1.9057614,-2.1668692,1.0814701,0.00038235943,-0.5682544,0.7649881,-0.63836867,-1.8915168,-3.2651403,1.4818146,2.05796,-0.43725425,-1.5524913,-0.98755807,-4.357494,-0.7939072,1.2331905,-0.68081784,0.6267917,-2.0070457,1.8686166,0.93941104,1.3509556,0.42798442,0.4580743,-0.819719,-1.2027189,-0.57996285,0.4982831,-1.5210226,2.111232,0.4407669,4.624533,-0.2834794,-0.88973385,2.2560534,0.74564165,-0.82227373,1.0536253,0.7424315,-1.4746096,1.0803032,0.70703983,-1.9244744,0.007948234,-1.7188762,-1.9405559,719771V44501251.jpg
-4.665165,-10.841072,-1.5224543,-6.4240384,-3.0321717,1.0501356,-3.3556209,-1.4739478,-1.816751,1.6966826,-0.11972737,1.1640204,-3.6301124,-0.88324153,2.3489933,-1.7671076,1.5324465,-0.0031159539,-1.4309953,-1.6574339,0.90612,-1.1763772,1.2685797,-0.65592974,0.37124527,0.1438695,-0.86744106,2.6933777,-1.2636021,1.2284276,-0.09858998,-3.4058206,-1.6543745,1.9626323,0.24293728,-1.5056131,1.1531061,-1.6034868,-0.254531,-0.89945143,-1.1058265,-1.1153892,-0.97759515,-0.5152472,-0.31055364,0.7009939,1.9124632,0.5717759,-1.4037454,-1.2638981,1.3972441,-0.26277062,-0.73105466,0.7719463,0.48217568,-0.64456195,-1.2799976,0.32978493,0.47708622,1.2604458,-1.0756567,0.8614431,-0.24657117,0.6157165,734056V2Q301049.jpg
4.026184,-6.60242,-0.61967033,-9.629741,-1.8378226,0.9937348,-6.5460176,-4.739517,-2.9974523,6.2860956,3.021241,-0.68055403,-1.6409162,-0.20833535,1.7433089,-2.4899988,0.15062037,1.2652192,-1.4950597,-3.362867,0.5181704,-3.04133,0.4237411,-0.4670714,-0.36211592,0.20636499,-1.8831141,5.7159777,-0.4161492,0.5300939,1.1380388,-6.680806,-1.8956535,2.9863844,1.9630382,1.2293757,-0.009262551,-1.6963344,-0.4352664,-1.1014056,0.093731016,-2.837549,-2.1167738,-0.46977717,0.7169217,1.3345116,1.5626748,0.18016216,-1.5561113,0.15243325,2.5384727,-1.7229831,-0.85715413,-0.98495567,0.72963214,0.5930537,0.15280442,0.92463887,0.24419819,0.9771108,-1.0396258,1.3473074,-0.78155416,-0.073608845,734056V2Q302819.jpg
-3.0832932,-3.8191996,3.3647316,0.5395578,0.7800279,0.72170484,2.536343,-3.046617,-8.147856,0.08882559,-0.4792542,3.2696662,-1.3631691,1.076577,1.4028804,-3.0716965,-0.09593131,-2.3115942,4.0748024,2.1508696,0.78779215,-1.4449438,-0.48043385,-1.6377372,3.3776467,-4.260189,1.3335441,-1.1456851,0.96303266,-1.2822231,1.6964074,0.47886774,0.56954163,-0.7388638,0.9591266,1.6896873,0.5399089,0.29747775,-0.8042128,1.622335,-3.2169642,0.2364006,-1.4218473,-0.027710104,-0.0020450605,-1.495538,1.4120617,0.11876285,1.0776802,0.31833154,-0.24361582,-1.9751469,-0.39048383,1.0419466,2.437476,-0.028151952,-1.3669543,-0.3488363,-0.3102066,-0.006809886,-0.29506233,0.8181555,0.61148524,-1.8567411,756459V2Q301049.jpg
-18.662962,-13.042349,-5.9650598,0.39109284,-3.83245,0.5469137,-1.8090343,1.3323581,-1.32916,-1.2231537,-1.5800407,0.6834309,-2.5632951,-3.6199093,0.25086746,-0.84948087,-0.6105226,1.2674831,0.6001941,-0.029982394,-0.6094315,0.34088412,0.22054158,0.8085775,0.64300925,0.50102687,1.6711972,3.4223118,-2.592,1.6411318,-2.5811887,-2.6439726,0.37046972,0.098833375,-2.9226747,1.080462,1.9404188,-1.7357948,1.9368669,-1.2036772,0.109383695,1.8102589,0.88039404,-0.9827899,1.2726628,0.26700646,1.6118152,2.0724273,0.48150536,0.54679406,-0.76274484,2.5645065,0.2009002,-1.374389,0.48134002,-1.0366893,-0.8984029,-0.9879869,-0.54744405,1.0781918,0.5288336,1.404687,-1.5158963,-0.7889051,756471V2Q301049.jpg
-11.879085,-8.904766,-5.0584297,-0.965961,-4.651694,-5.3801312,-9.406908,-0.72286224,-2.9764016,4.667633,2.269737,-2.3772435,3.5383937,-1.127329,3.2832618,-3.0319057,0.9422463,-1.635196,1.2033687,-0.16394669,-1.9622173,-0.26539955,0.13299571,-0.7503133,-0.11255943,0.740513,1.6041005,0.6142795,-1.341573,-0.5862621,-1.0185997,-1.4793712,1.2752851,1.3420796,-0.28779742,2.7974505,1.9321144,-1.1710786,-0.96526426,-1.1887903,-0.72024095,-0.0556316,0.49177352,-0.04851738,-1.4865597,0.26393116,-1.9013495,-0.10360429,0.3760543,-0.14470081,-0.9308833,0.9569922,-1.398732,-1.566629,0.30711818,-0.28414914,-1.1357515,-0.5229489,-2.3067505,-0.70141643,0.2557328,2.1189425,-0.44217125,0.54709524,756471V2Q302819.jpg
-10.777349,-7.340558,-9.098587,1.9295442,0.0810131,-4.101715,-6.040258,2.3834717,-4.0798135,4.026243,5.8667626,0.060649816,4.335313,0.08457694,4.337963,0.7178859,1.519734,-2.1453588,2.107594,4.182598,-1.116487,-1.5585629,0.60669345,-0.091563575,-0.45576453,-1.498577,6.3724847,-2.3810713,0.3383785,1.8184309,-1.9666699,-2.4777055,3.4021237,0.56901073,-1.035177,3.386019,4.2711434,1.2597841,-1.2167519,-0.95990276,-0.76191807,0.8213711,2.580164,0.17845516,-2.4281754,-0.6298479,0.77589935,-1.459141,-0.865757,1.8295796,-0.9427796,-1.1984922,-1.7872739,-1.5939729,-0.077409685,-1.5748091,2.0383341,-1.0389719,-0.74020493,1.7883968,0.7500161,0.7068857,0.07658783,1.734099,756498V2Q302819.jpg
2.2196152,-6.935124,-6.6793556,5.4063864,-4.725038,3.1217754,0.9698355,4.3231764,2.6386058,-12.460215,-6.804344,-0.10336998,1.0118178,-1.4082943,2.7234426,-0.25398538,-1.3520216,-2.4959588,3.5827885,1.6619087,-7.6800838,-3.5098636,-5.7580194,-2.6004028,8.770794,5.360993,-0.19392017,-0.7379467,-2.476027,1.4059441,-0.85045403,-0.86943895,-1.5073892,-0.081305124,0.6625823,5.2070627,-3.4725344,-4.1678557,-0.96564656,-0.011166193,2.2621439,0.12033987,-2.015175,-0.91143274,-0.26429698,-2.7246053,1.6981428,0.46027228,1.9173274,2.68095,-0.94780004,-1.4283488,0.34752208,-1.5482748,0.9064644,2.7163558,1.4045419,0.16937445,3.3857555,0.13497883,0.48087227,-1.1669695,0.13074145,-0.4851327,756522V44508118.jpg
25.192251,-0.33007464,-13.052155,-14.978618,2.6319516,-7.886779,5.3289948,-2.2125616,-2.1088057,1.2484533,-0.44368136,-1.0246717,-2.875638,4.517172,-1.1895936,-4.264355,-1.579841,1.2840868,-7.756668,1.5753602,0.08970576,3.5331924,2.1655247,0.83992046,2.3672078,-0.62157184,1.2922525,1.4823709,7.04062,3.9519558,1.5135642,0.69519985,4.157223,2.253168,-0.9565216,-0.228096,-2.4788706,-1.2351705,-1.2340587,-2.6077542,5.6907725,1.7253923,4.164182,-0.7546811,0.7469656,-1.7824713,0.7899541,1.3538809,3.085862,-2.853928,-0.35442367,-3.2495148,2.2359307,-0.6140242,0.6214798,-1.0090646,-1.9732264,1.0121301,0.59774727,-0.056195684,-0.0901937,-0.45336792,0.8821644,1.231049,769205V2Q301229.jpg
14.882717,2.719817,-3.7984686,-2.9587338,0.08503439,-11.08984,-0.14269239,-10.957275,8.299745,2.7720034,-3.5599449,-0.5286977,-3.8334856,-1.4305713,0.39687788,1.608629,-0.17069103,-1.583078,1.3536499,1.3688678,0.5651968,-2.5376759,-2.205578,-2.8726664,-0.7243538,-2.1209202,-1.1115241,1.0785673,-1.6647673,0.5921472,-1.6386302,-2.689842,-0.744114,2.584486,1.6760083,-0.90534323,1.2134458,3.9918585,1.7323347,0.92606044,-0.44419688,3.0368702,2.3767357,0.9301414,1.4145045,-1.3685776,-0.38050815,-0.03642694,-0.67478365,0.08216126,-1.9843524,0.64566034,1.1661226,2.26097,-0.16836408,0.59521353,1.7180351,-0.22553945,2.0275195,1.4203758,-0.2690782,-0.19257215,1.9387177,0.7296201,769205V2Q301281.jpg
2.3467836,-4.152002,-0.59430486,-1.4199921,-4.0672574,-8.336376,1.7476583,-8.071439,14.115308,-8.883657,-1.417688,4.692082,-2.7512798,0.2193999,-1.4380555,0.8442034,-0.50859106,-1.4444702,1.0248471,1.9304855,0.94611454,-4.661836,-2.0503824,3.4966338,0.76984805,0.26685807,0.8047086,-2.417736,-0.2414297,-1.7443302,-2.5748005,1.190538,2.8430333,-1.6393031,-0.7906955,-4.249431,5.19119,-0.8268665,-1.4963404,-2.2941163,3.2188892,1.9806459,-0.18634734,-0.2906725,2.374891,0.98572505,1.8361104,2.8773003,-2.320024,0.68302995,1.8728974,0.8944055,-0.719872,-3.1791248,0.1586628,2.1642022,-0.7360441,2.2113507,0.40856275,-2.1694489,-0.3658679,0.78481805,1.4965041,-0.3690788,769205V2Q301317.jpg
7.3812704,-4.721087,-6.2907476,-4.557512,0.48619643,-8.21758,1.3654613,-7.628093,9.046633,-0.14950381,-4.9725466,1.6463706,-5.2567153,-2.097747,-2.7045956,2.4223847,-5.096764,1.0400549,1.1514008,1.798425,0.4607021,-3.8089752,-2.834428,1.3380475,0.04933442,1.3962276,3.9275606,-0.5844877,0.1569728,0.67087966,1.0597558,-0.42505938,3.0448866,6.526068,3.5438287,0.22925913,0.6736095,1.5816132,3.8082387,4.0977025,-1.4058708,-0.9137614,-2.0146465,-0.45553595,-4.1883883,1.5053796,1.6996968,-2.5152783,0.7711934,-3.7851105,-2.068972,-0.63250667,-0.888582,-1.2146837,-0.8994115,1.5637462,-0.8630591,-2.1144724,-1.1185875,-3.198056,2.0839963,-0.6081122,-0.2128879,-0.37345433,769205V2Q301513.jpg
-0.35314587,5.889693,-0.1926186,6.26179,1.9398781,-14.614493,-2.0451584,-8.919545,17.8924,-6.0812063,-0.84274,0.57131183,-3.7286437,2.1896305,-0.4680663,1.0097966,-5.239975,-5.3454185,-0.41992182,-5.548551,-2.366471,-0.620716,-1.0527393,2.1855233,-1.5398588,-4.115002,1.1912078,2.064145,5.945725,-0.25642946,-5.6836023,-0.22698127,1.137513,-1.0700214,-1.7176026,-0.1667516,-3.9366107,3.7044334,-3.6374068,0.42104095,-3.2792568,-0.80341375,-1.6422174,0.8358556,3.2048666,-1.6507056,-0.020080488,-0.1385572,1.9622687,1.0733579,0.7152882,0.1582546,-0.33511552,1.62316,2.1153662,-1.1368554,0.6800812,-0.6257895,-1.725088,1.7489915,-0.33707312,1.5321538,-2.6533146,1.1966394,769205V2Q302901.jpg
9.051091,-0.4620151,0.2196823,-2.6827562,0.9879863,-4.2152247,3.4570327,-11.577586,1.1642337,1.3203628,6.1616306,-1.4625435,-2.7278197,-1.4400318,5.8700066,6.734085,6.982512,2.843809,2.0822368,2.8034968,3.2763965,-2.1994574,3.0225463,-0.96981597,-2.7262008,0.24320537,-6.400967,-0.9719884,-1.2419214,2.8588395,-1.6568501,2.4810908,1.0167367,-1.2933855,0.4365947,-0.08946083,-3.4964,-0.2846489,-0.8497991,-2.128257,2.6698656,0.9555174,-0.7210526,0.8146496,-1.5578482,-0.6486133,-0.47568986,-0.12156314,-0.5378713,-0.02747776,1.8691462,-2.8951018,-2.6104367,-1.750428,-1.0186168,1.1721629,-0.32263398,-4.612432,0.98112696,2.859846,0.10717581,1.2265269,0.83776414,-0.6219471,769232V2Q301308.jpg
-5.838004,-9.933569,2.8575783,-3.3376968,3.278321,4.0304604,-0.0020909172,0.8666016,2.6332734,-3.399429,-3.7452183,0.3514512,-6.8561215,-1.1438363,2.8512797,-0.066335455,5.443588,1.6766611,-2.0126321,-2.266712,5.343693,0.12285419,-0.08127716,1.633532,1.7758331,-0.21352038,2.0521898,3.3093092,-1.4759911,1.8659097,-1.9466451,0.31929627,0.32163477,1.159668,0.42574245,1.8969245,0.15024157,0.77424777,2.8468204,-1.9999974,-0.6889315,-0.21700524,0.80616504,-4.030664,0.55690837,3.1857584,-0.42771655,0.87214047,-0.104031555,0.24467999,-1.2145607,1.6723118,-0.21923298,1.6626881,1.1137174,0.16018094,-1.8033633,-0.159408,-0.5396244,0.20991705,-0.78382635,-0.4808656,2.0070777,-0.107639134,770648V23301423.jpg
-11.382602,-7.683943,0.9474217,-0.7192243,2.9125888,-5.873855,-6.8453927,1.3408133,2.057861,-2.613298,0.5804409,2.269797,-0.52996343,2.2671225,-4.1171494,-4.056262,5.6041236,2.6101394,-0.57702535,-0.6982424,0.91765505,-3.8125074,0.6710225,1.6942008,2.3393466,1.4072626,-0.0068308907,-0.27796176,-3.7979221,-4.083699,-1.5656462,6.470036,1.1847336,5.7717195,2.8067744,-0.7227045,-1.3198651,-1.1706023,-2.347555,-2.3405712,0.026981572,2.1168284,0.052061643,1.7390171,-0.6374188,2.1144814,-2.19241,0.24466427,-1.0708483,0.07228602,-0.2751692,2.8127933,1.3371893,2.361387,-0.43896276,-2.3575466,-1.0019262,-0.9858377,1.1245166,0.66303647,-0.055156387,-2.1741376,-0.576157,-1.4404072,770648V23301511.jpg
-10.876787,5.842314,10.992727,-0.1330521,8.074831,3.0192835,-11.841759,1.3917214,3.7441885,-1.2235883,-1.8453219,2.7640471,1.1973095,-1.2825462,9.214394,-2.2837207,-1.9906827,2.0596006,1.762076,0.33916622,-4.030838,1.4588944,5.524597,3.0288014,-3.2963073,-1.40677,1.8432168,-1.0801262,1.6601123,3.8702812,6.5646095,1.8846068,-5.4994583,4.270951,2.470117,-1.4335091,2.7109978,1.3588511,-2.2928665,-0.30751193,1.5953305,3.8039768,-1.9578941,1.7210057,3.3687332,0.26566035,-0.08623499,-0.09825219,-1.3088946,-0.06662858,-1.7348368,-3.1719759,-0.13007614,0.47894022,0.86048794,2.5223694,-0.7047992,-0.16340174,0.46548307,1.9443984,1.3834875,-0.58704674,-0.99996495,-1.542951,770649V23301511.jpg
-0.592239,-7.194481,3.645714,-1.4049385,7.860315,6.60572,-2.9649153,3.7452037,2.200856,-5.9036164,-2.1357245,4.265811,-1.0385253,0.07941895,-0.47907498,3.7917786,4.555838,-1.3459737,3.1111639,0.15822676,-0.7037341,1.6661397,-0.9113289,-0.64578176,3.870482,-5.571742,-2.2325857,3.9127884,2.9818459,-1.329721,-0.42724672,2.2716546,-0.8650064,-1.2652273,-1.0420309,2.2818582,-1.2802982,2.316195,4.670441,0.94792604,1.6338625,-0.90417206,2.80318,0.816791,-1.5990424,0.7518983,-0.7878939,-1.5862035,0.18389763,-0.24867369,-1.4264486,1.1139162,0.38021043,1.1591339,2.596801,2.3743076,-1.8085915,0.05943217,-0.9831772,1.3538848,-0.3408116,0.120400675,-0.2499838,-0.5459786,770651V2Q301423.jpg
0.5075797,-6.569009,3.1006653,-2.1627088,8.249444,3.1941218,0.9861464,-0.52281445,2.2215393,2.8121588,-2.6959653,0.15301846,-0.9215568,-4.5421386,1.299273,0.48901227,1.4406457,-0.6562651,3.7391016,-1.503231,0.932658,-0.18029578,-0.6326029,-0.7833337,2.7082653,-1.6687461,0.53418887,0.46149796,0.5096906,-1.8049803,1.1065888,-0.4789415,3.7905242,-1.601103,1.0623026,0.8557246,1.3655134,0.7095418,1.499559,-0.814695,-0.19085066,0.8340164,3.3662586,-0.99610615,-0.788445,-0.25949657,0.80032134,3.0757174,-0.78291076,-0.36739543,0.13047978,-1.0386412,-0.42180875,1.0925132,-1.096174,-1.2136506,-1.0323361,-0.3003064,-0.46110612,0.08035362,-1.1046294,-0.15307382,-1.1415929,-0.8865089,770652V2Q301423.jpg
1.9804097,0.07776915,7.934477,-0.4467308,13.559224,1.2852589,-3.100632,0.9819449,7.4823394,-1.9299574,2.2554839,1.0262445,2.4521194,-2.6336005,4.095765,-0.30213493,0.98258114,-1.6119864,-0.29828954,-0.8540749,-0.5480338,3.5511298,-0.08526123,0.20250277,2.029478,1.0054127,-1.114687,-0.9116151,0.9014043,-0.24795653,3.323254,-1.1564506,3.58372,-0.46794507,3.2368007,1.4598446,3.2923467,2.1410801,-1.5402088,0.31809694,-0.46573457,-1.6861979,2.1433513,-1.3362384,0.34175107,1.3619112,2.0092382,3.1125643,0.84111017,0.35816738,-1.6517695,1.7035357,0.6917208,-0.6473381,-2.2179706,0.45215607,0.613282,1.2604609,-0.78919774,-0.042051032,-0.42073634,0.9488878,-0.23953487,-0.978377,770652V2Q301511.jpg
14.290663,-3.0278127,2.5611713,-4.1536922,7.808217,8.482998,-1.2318438,4.987937,1.897755,-8.587948,6.007783,5.4418416,-4.6440907,-2.0155432,1.6376815,3.7507095,-6.563384,0.8269898,-1.1369119,5.6640835,-4.068019,0.44945776,2.2228372,2.5657794,1.4762197,-3.100125,-3.238087,3.642327,-0.6387212,-0.4629589,-3.826977,-2.5703108,-1.793425,-0.10777272,-1.8883666,0.90078443,2.1681893,-0.32670355,-1.4429793,-0.98822814,1.3820966,2.273748,0.77478635,4.583852,-4.6800966,1.7599162,0.80131024,-1.2008835,-0.61070573,0.55020267,0.10171301,-0.096915156,-0.18066603,1.6900465,-1.1346633,-3.7936683,0.22085835,1.265399,0.42297444,-0.15288849,2.1899867,-0.77403396,-1.7887533,0.82724243,770653V2Q301504.jpg
-10.744348,-9.013904,3.1108105,-0.9382488,2.973854,1.8248297,2.5723107,-0.5969717,0.81465656,-1.8973644,-0.7933126,4.390866,-3.361834,0.10449917,-0.26039696,0.36845887,4.182887,0.42274716,-1.5733196,-1.7269014,2.6098857,0.81013906,-1.0269885,1.5799447,-0.7240577,1.4618211,3.603236,0.71928775,0.43476474,2.152046,-2.5171075,-1.7221271,-0.2620772,0.01232531,-0.8397628,-0.4363342,-1.0081453,-1.0999815,1.9926071,-1.3091842,-1.0640659,0.12864476,-0.10066512,-1.3628665,0.3871269,0.8527738,1.6867819,0.49961045,-1.0919659,2.2756197,0.69738364,-0.07783898,0.9143024,-0.45827857,-0.21762267,0.31080115,1.7697223,0.08513087,-0.37232223,1.4791048,0.75447476,-1.1591982,2.4047146,-0.019383486,770654V2Q301423.jpg
-12.144692,-1.881378,9.840567,-2.5136175,2.2651606,-4.167248,-5.818875,2.2407362,4.8425317,-1.7733757,-1.6399043,4.7203956,2.1733303,0.43265674,2.4273627,-6.053235,2.7960417,-2.725393,-4.10509,-6.706753,-0.6246566,2.7542472,-0.2779991,4.8034506,-3.086728,0.50143564,-0.8783169,-2.6527936,-2.6500769,2.319674,1.4702848,2.1849737,0.0024397941,2.2233543,0.98558956,4.1572313,-3.064486,-0.112987034,4.090586,-1.0207926,2.3666868,0.73665065,1.6607877,0.74959403,-2.048397,-2.409217,-1.931093,-0.7827921,1.3285779,0.50923526,-0.10665471,0.51141745,-0.039491255,-2.7728693,0.7490691,-1.2522439,2.1238678,-0.92562443,1.9168686,-0.038335275,1.2322973,2.1331253,0.6367592,1.6323892,770654V2Q301511.jpg
-9.361089,-2.411233,3.916304,3.299079,13.081201,-0.054396015,9.568178,1.0634251,-0.35237104,-0.51766664,0.36612585,1.9043797,-3.862579,1.3796164,-2.4395888,-0.9199984,1.2832851,-0.6458326,0.50900084,-0.7638668,0.57360274,0.707065,-0.5005987,-1.4647123,-1.8637223,1.9377725,-1.5861166,-2.8918643,-0.10908009,-2.4591107,-1.6743258,-1.6562264,0.67463684,-1.0994335,-0.95181805,2.4307778,1.420021,0.5284228,1.8797451,-0.28146362,-0.2322648,-0.7906322,-1.0338478,0.48091552,1.5922967,1.5025793,-1.6195916,-0.35815963,1.9049689,0.23923497,-0.7884956,-2.706908,0.5994354,0.040568836,-2.219196,-0.33028173,-0.105886236,1.4490082,0.08380365,0.5899654,-1.1668384,-1.3315946,0.26591635,0.20324433,770655V2Q301423.jpg
-1.7238249,5.9268136,11.700055,3.5518327,12.066991,-0.6346852,1.9761657,1.2633808,6.4836087,-5.602138,0.248489,2.475061,-0.3913464,4.291459,-3.3054554,-6.1792846,5.0532627,-1.1518368,-0.95637685,0.7158868,-4.248718,4.70822,1.5573303,-1.4259187,-0.16472146,4.3058767,-2.6506598,-3.6277242,-4.7759566,-0.55168444,1.7438529,-1.1597681,0.19951612,1.7223576,-0.470558,2.0238264,-0.62048405,0.08693175,-0.5084253,1.9931691,1.9655493,1.2555958,1.1411741,2.2798588,2.876565,2.4946127,0.2496775,-2.5123365,2.4712434,0.090611845,2.0756211,0.64314795,-2.5710285,0.6084537,-0.64097136,-1.9675822,0.64682794,0.44885507,-3.3409579,-0.40152457,-3.2320445,0.28771538,0.7954334,-0.26122364,770655V2Q301511.jpg
21.574512,3.1038136,-3.2252371,-0.781834,-4.0474195,1.8910605,4.0728927,-2.0226727,-2.6302402,0.039876506,4.552772,-3.8606694,-0.9232386,-1.4703904,4.0286293,-3.6994026,-0.17258924,-0.87706906,1.9562998,0.3263568,2.9067504,-1.0419292,1.5799354,-1.3361768,-2.5333536,-0.44722608,-3.0028799,-0.52298635,-1.1747516,0.22846706,0.1201409,0.77313846,1.3311169,0.9880584,1.3562592,-0.8435439,0.59025764,-0.12850074,1.2930192,0.028432187,1.2372204,-2.3409233,-0.3436466,1.3360527,0.2293635,-0.32040265,-0.5677308,-0.20360193,-0.9689258,0.69725084,-0.23967382,3.1286974,0.71461403,-1.3989477,0.41359615,0.49061882,-0.34673083,-0.8239836,-1.3153067,-1.12208,1.9264536,0.26642597,-2.7356834,-1.2296476,779517V44501251.jpg
2.8043554,0.31878665,-2.4975536,4.3914785,-9.272318,-2.0689363,1.2401767,-3.6499803,-1.156339,-4.150617,4.821493,-4.005946,1.4222491,-0.8105911,5.1918926,-1.3804199,4.6810317,-3.4960876,5.714482,-1.957447,2.2893164,-2.3395927,3.6999648,-0.10927938,-0.5144417,-0.34253612,0.961246,1.6983048,0.50972426,1.9814978,-0.0920602,-0.013928561,-0.33196965,-1.2991505,0.2889641,-0.6386155,-2.8104424,1.2394571,-0.13446577,0.5248479,0.6471811,-3.2010787,0.022091256,3.771987,-1.6549295,-2.6481824,-1.1252444,-0.058569603,1.3863416,0.7545859,-0.57303417,0.18528889,1.1754723,-1.457107,2.325905,-0.41066942,-0.35678485,2.517819,-1.8919996,-2.2220473,-1.6886518,-2.4945984,-1.0972493,0.40635255,779517V44508045.jpg
10.233181,-5.9754915,-4.497976,-0.45173636,-8.116227,2.943475,5.9748163,-2.591294,-0.45929125,-6.9844685,0.5366116,4.313771,-3.9423192,-2.4549835,2.2123923,1.2811321,4.018188,2.6180367,3.060944,1.2682134,4.4780664,-0.95916057,3.5325587,1.1446965,-1.3203824,2.4165728,0.51185966,-2.0378733,0.37039486,1.2148424,2.0887458,1.3076457,-0.1480664,1.0943418,2.6710362,1.2941256,-0.9039993,0.75778824,-1.4777526,3.16697,1.5367529,-3.5308394,-0.5159635,1.4616956,-0.74688643,-1.5096656,2.2231622,-0.20385003,1.0223582,1.5250217,-2.1917038,0.5810372,0.59459543,0.04132551,-1.4157641,-2.548605,-1.09719,1.8249439,-0.29594368,0.06029359,1.3898741,-0.5191337,0.3290949,1.9162272,779517V44508107.jpg
6.009463,-9.716017,-2.6990628,-7.9886737,-4.076351,0.32722396,-5.0191097,2.0980957,0.7768456,0.29702547,1.8472891,0.1784024,0.6580217,-0.22682703,-4.46346,3.0231209,-2.6279771,-4.4823794,-1.9249413,3.0035417,3.1753335,-2.0887952,3.309521,-2.9437973,4.1554337,5.3368382,-1.4579421,-1.4707733,-4.0151677,2.472519,1.5435374,-3.099081,-0.1712262,0.92603344,-1.3755853,-0.24233012,-1.7898095,-0.50806856,-2.2174497,-2.7973912,-3.4145718,-0.16135563,1.3300524,1.2220904,0.7121934,1.6146096,-2.1129258,0.6294214,0.53479666,1.1773305,-0.47931886,-2.3816044,-0.5469436,2.27069,2.066183,0.50542486,-1.7357979,2.9092646,-0.8924099,-1.882831,0.7903997,1.9331588,0.4460411,1.0298176,779523VBL801049.jpg
6.0950794,-7.5987444,1.3562561,-3.0061886,-2.97811,2.0681438,-2.3362703,1.8903695,2.4272325,-0.43243903,2.384102,3.431444,0.0037455934,-1.3257105,-5.7122765,2.2185507,-0.9525289,-3.6215463,-3.4503155,0.6553401,4.105946,3.12669,2.504379,-1.8224051,1.3564162,3.880495,0.8501821,0.19763462,0.9552763,1.8108864,2.564882,0.1444255,-2.706866,0.5300647,-0.17908236,-1.6367186,0.3183056,0.29917884,0.6719672,-0.86122155,-1.755015,-1.5378463,-0.31079552,1.5682572,1.1247042,-1.5707644,1.4049166,-0.6331461,-1.5452293,-1.5184462,-0.6937931,-0.1446828,0.71648127,-0.043001186,0.48994222,0.10913199,0.7108869,-0.73961043,-0.97529143,1.0049211,0.2812491,-0.23877798,0.6732067,0.06888049,791644V2Q301049.jpg
0.28461486,-3.6938448,1.6555029,-4.7522287,-3.97565,-2.3287692,-7.2609987,-0.26868612,0.25158307,0.32414946,3.6247327,3.873163,1.1300977,1.1645046,-3.691822,-1.1705843,1.2452582,-1.3042607,-0.58061415,3.3455865,-0.46274036,2.0547569,-0.62941694,2.2730663,-0.7711203,5.8945384,0.06455134,-0.15852645,3.1154408,-2.1814337,0.7706154,2.788731,-1.6166575,-1.6827924,0.73128104,-0.60659784,0.80808324,1.5315572,1.7148067,-0.40809044,-2.2058458,-0.3283883,-0.5966083,0.34404397,-1.1854155,0.12520166,-0.98221177,-0.8274304,1.7785586,-0.26994106,0.7781223,-0.6990333,2.4872668,-0.7464401,0.22064276,1.2945201,0.041773748,0.7504223,1.7446024,0.6153124,0.47365233,-0.09755191,-1.6101791,0.4822854,791644V2Q302819.jpg
-3.871103,-7.6534753,0.37320805,1.1302589,-0.33120352,-0.8070278,4.5499353,-5.4761105,-4.5462136,-1.1496036,-2.423536,6.53089,4.5088077,0.4954952,0.11542372,1.4755232,-1.5940934,2.2833774,1.901199,-2.2280369,-0.7101734,1.5560743,-0.8469522,0.256794,4.704784,-2.6930094,0.31675413,-2.0321283,0.91745603,1.1630707,0.014400851,0.91687167,0.53001845,1.3528591,1.1433029,1.8158994,2.635291,-2.6794713,-1.0496786,3.5075622,0.5869953,0.2856574,-1.6141781,-1.205392,0.8503697,1.5884856,-3.1206102,0.9850269,-1.8582878,0.81598574,3.109922,-0.9853118,2.35633,-0.32259098,3.0489843,0.34771013,1.5812026,0.67228997,-2.179757,0.29827943,-0.490617,-0.8771926,-0.12911543,3.4518847,799385V44501219.jpg
11.047556,-1.4986173,-9.720193,7.8272443,-4.216391,-0.5702722,0.79768044,4.6917806,-0.9331495,-3.981153,0.72936684,-0.66613597,3.5900822,4.9053235,2.81701,4.6833754,3.4011846,1.3208326,-0.68039066,-0.37732485,1.2737417,-0.7307704,-2.4985106,0.7259866,-0.4740286,-0.18489575,6.3363414,-7.062646,3.832692,-0.07826686,0.25978914,-1.833871,-0.6390983,1.3239707,-0.33351338,-0.3918087,-0.1659973,-1.4619349,2.3272424,0.42580727,0.3321268,0.11165988,0.6002688,-1.8384748,-0.74599725,1.5753639,-2.1462784,-1.2803386,-0.16853827,-0.37325534,-0.32372385,-0.27189407,-0.39935148,3.1109273,-2.5734723,-0.054313555,2.473768,1.204125,-1.0988195,0.035968166,2.0375338,3.0793471,-0.7696751,-1.6002074,799386V44501251.jpg
8.165221,1.3876654,-8.833318,12.595999,-3.0469916,3.3809264,3.4207594,4.977048,0.8664481,-10.1912365,5.1892467,-1.8690832,2.4178362,3.2465398,1.3657607,2.4009395,3.3067389,1.3852289,-3.4269352,-1.6185073,-1.9936568,-2.178516,-5.1378803,1.4852451,0.5494691,-2.7048953,4.628202,-3.4234722,1.7188913,0.85106945,4.592242,-1.9182775,-1.0840638,-0.07175481,-1.8179013,-2.492024,-2.374439,2.5692315,1.208523,-1.3877926,-0.2215317,-2.422028,-3.5302513,3.012373,-1.4575688,2.662843,-1.5850629,2.4172914,-3.1454449,-3.491556,-0.29439682,0.5299424,-2.5366302,-1.3566033,1.4158341,-2.3653662,-0.61837125,-0.16234389,1.492407,2.6962633,-1.9245028,-1.1076909,1.0333474,0.57685965,799386V44508045.jpg
7.137936,-1.3534962,-6.2497993,5.5222716,-2.1452763,3.3123531,4.7391624,1.1760645,-1.4625254,1.6047045,0.7645854,1.4315593,2.1448097,0.86473024,4.8940306,-4.0879474,3.208419,1.6155972,-5.7371807,2.257123,0.10438724,-3.8254905,-6.13671,-1.363668,-3.240567,-0.58832383,0.51780623,-0.95860684,1.8260264,-0.40086615,3.3804128,-1.0024589,-0.97438174,0.8411334,0.5432146,-0.69900703,0.93068546,1.8564337,0.39337307,0.8469476,-1.5490072,-0.5511188,1.8055111,-0.6710781,0.7123369,2.7102475,0.7595925,0.35447776,1.223472,1.5410367,0.846793,0.7551275,2.2092602,-0.85371625,0.42848086,-0.59195054,-1.3443383,0.27408946,0.98881567,-0.052970313,-1.3492098,0.30482882,-1.3844479,0.3707917,799386V44508118.jpg
-19.709787,-12.542595,-5.966554,-0.35765478,-6.938985,-5.1025844,-1.414098,-3.3981655,-4.1482615,-3.4458191,2.4118288,-1.1943637,-5.3415184,1.2063985,1.0775023,-3.3604603,0.5492266,2.6082308,-2.530944,-0.65052503,-1.3291748,5.183438,-1.0773511,-4.1956544,0.7259603,-2.0573134,-3.2944708,0.79179764,0.3245145,0.54837275,-2.8405433,0.75192195,-0.21817246,-0.5420526,1.8474083,-0.6950428,-0.77984697,-0.92619663,0.34975535,-0.42800018,-1.061622,0.12170849,-2.9579184,3.6335628,1.0447501,-0.76018095,-1.0184984,0.5189153,-0.18717504,-0.55431616,-2.249566,1.9254011,-0.09433511,0.36416316,-2.7544105,0.27017602,1.136174,0.9138535,-1.4309016,-0.8800354,0.5321699,1.2706797,0.2743364,-0.4772547,799387V2Q301049.jpg
-20.385279,-2.6078553,-7.4796605,6.5474567,0.09222159,-4.133679,-6.707718,-2.4661052,-1.9406961,0.27661642,7.144614,-7.3778567,-5.5580645,-2.068355,1.8861573,-2.155063,-3.6528614,1.9791864,-2.214139,-5.544147,-5.0940123,3.2448187,0.25682896,-1.172809,3.730559,-2.482286,0.23630655,0.8194891,-1.5686058,2.0278332,-2.8865094,1.7540022,1.6702402,1.259917,0.53536594,-0.6461714,2.309107,-1.7982429,1.0748928,1.7525673,-3.3006124,-1.2261347,0.07106471,2.3304975,0.62978166,0.9596471,-0.69689137,-2.0748777,-2.0696974,-2.7131422,0.071166754,-2.267873,1.5469482,-0.7885764,-2.5753071,1.9810097,-0.3460463,1.8916584,0.97759086,-0.17528382,0.13471656,-1.7627815,0.8748818,0.57400393,799387V2Q302819.jpg
-4.5305276,-10.621648,-2.0876186,-5.0372353,-3.2641037,-0.22907026,0.41759044,5.285673,-0.747808,-0.77592915,-4.054479,4.863391,4.809819,-3.414672,-4.8990254,1.8441626,-5.959356,-3.1550808,4.2355995,2.6945136,-1.7292602,-0.74811405,-2.2541256,-0.3306717,-0.4037212,-1.0666023,-1.0497953,-3.12721,-0.06923483,0.8361659,-0.1804173,0.7370255,0.8416457,-0.32136828,0.67795,-2.4855778,-1.5479517,0.1418056,-1.2772084,-2.0659256,0.16603382,-1.2869616,3.1341908,1.3862437,-0.39763606,-0.40844005,-3.8881733,0.8231328,-0.5507558,-0.38142395,-0.6180618,0.09125389,-1.2436696,-2.1412067,-0.7668408,0.20759642,0.8434894,1.579827,-1.5671515,3.1566727,0.51180685,0.50355613,0.2011255,-1.6602937,799389V2Q301049.jpg
-21.022852,9.466918,8.433737,-10.602388,-9.199746,0.74368167,18.530928,4.7205987,8.302106,1.6848168,6.791795,-2.4951658,2.6091247,3.063202,0.10778054,-3.019958,-1.8665699,-2.0012345,0.18572098,3.6002834,-2.0713413,5.903842,-0.9254856,-1.3321158,1.4004805,0.070196375,0.082643606,-0.82903165,-5.044624,0.8602744,0.4969757,-2.840711,0.9358967,-0.4596534,3.3503237,0.1550945,1.304822,4.2646856,-2.3698509,-0.6806553,1.9810178,1.4177953,-3.5005608,-3.9513803,-2.9421825,-2.658907,-1.0808389,-1.4895835,-2.1851075,-3.338046,0.221365,2.5159678,1.7132456,2.5898435,1.3024858,0.50666434,-1.3442215,-0.031470284,1.3815094,1.4280051,0.21361959,0.99767727,-0.88397026,1.922393,799394V2Q301049.jpg
-15.713927,21.561981,5.626873,-10.141461,-12.845431,-3.565369,12.649858,12.15478,10.71484,8.92838,14.186256,5.1343575,10.946914,0.9952164,2.7061622,-3.9030638,-0.11463792,2.3772771,1.5266443,-0.06536493,2.3922825,-5.2143364,-1.4743911,3.4752872,5.124045,1.0591753,-0.81934494,3.8400557,4.3996406,2.352759,-3.8199475,1.3450006,-4.1562395,-1.3884246,1.5455538,-1.438206,1.7939807,-3.6699376,3.197952,0.54436797,-0.71124005,-0.14342195,2.119908,2.0188172,0.723962,0.8207899,1.8281507,-0.40447444,2.175724,0.12837224,-1.6537296,-0.46712682,-2.3496416,1.2448654,-0.22313179,0.62917304,1.1967521,-0.4796124,-0.2033558,0.11868316,-0.8837566,-0.018631242,0.96571016,-0.32652718,799394V2Q302900.jpg
-10.088414,-6.6290107,3.4571302,-4.621607,-7.146921,0.14590123,0.75561273,2.2164397,0.28979242,3.5861483,-3.060545,3.815797,4.720301,1.1447667,-2.5292516,-1.6854928,-0.61355674,-4.54648,2.3800104,1.4901364,-2.4453492,0.66748226,-3.546489,-4.37982,2.0624413,-3.0988002,-3.2494695,-1.9839015,0.77554345,-0.4312719,2.7459524,-0.08030701,0.73934436,-1.4785568,3.57995,-2.6845737,-2.1606717,3.2188041,0.3024252,0.5285391,0.41240048,-0.002760615,0.57888937,-0.5481682,-0.36786416,-1.2883415,-1.2100716,1.2597903,-1.8342297,0.99306285,1.6751689,-2.1113842,1.0211576,-1.4620193,-2.8465617,0.30286378,-2.0588257,-1.6121216,-2.2012541,-0.8388494,0.53811383,0.46681267,1.4019984,-0.84063226,799396V2Q301049.jpg
-13.209215,-1.8746006,-6.81908,3.5992448,16.815401,-2.4149156,12.64496,2.2825615,1.4784248,3.9575474,0.9489165,-2.7038631,-1.3666108,-2.030539,-9.49403,2.653319,-2.7563314,4.2761493,3.9722354,-3.6327376,-1.4821584,0.4434771,1.9115977,2.379037,-2.8676946,4.047233,-0.021112356,-0.123769216,-0.2721859,-1.9058121,0.2602342,-4.0270724,-0.16934258,-0.33282474,0.746412,-1.4795623,0.9323335,0.04481308,3.9092264,-2.0875154,4.1446953,-1.7930129,-0.7046999,1.1270148,1.0039597,-0.30801278,-1.6567161,-2.026439,-0.61462784,0.69783586,-1.4637761,-2.638963,-0.45136848,-1.0157244,1.9491129,-0.13416326,-1.2490401,0.518102,0.83004993,-1.5354544,-0.46426055,1.0490837,-1.7952331,-0.76253575,799397V2Q301423.jpg
-1.1699078,0.9342287,3.474395,3.8781767,14.716182,0.32516414,0.2669239,1.5006791,2.5247407,-1.103668,4.368884,-3.878353,3.5278387,-0.052272063,1.4523133,3.0459414,-2.6147223,-1.2146711,-0.26033342,-4.2812443,-0.359661,0.8074888,1.4043548,-2.084213,-1.0879353,0.5492389,0.2689742,-0.090074964,3.0461483,-0.68328065,1.2671499,-0.7434816,1.2947708,0.12127565,-0.3259506,-0.8991457,-0.29897746,-1.8998922,-0.5181569,-0.09803124,0.13301739,0.049068198,-1.9762739,-0.21631709,0.6335935,1.2449696,-0.035502262,-1.1364814,1.7906882,0.1473149,1.8559476,-0.20397113,0.4866855,-0.06748741,0.06986831,0.3605414,-0.24150774,0.31402758,2.2918186,-0.5344206,1.9424804,0.73854166,1.1488851,0.74200535,799397V2Q301511.jpg
-15.24325,-9.184436,-5.8088217,5.0418878,11.540753,-4.8394933,4.4646573,4.027135,-1.3992379,4.249786,-2.0656528,-1.5952017,-0.40067825,-3.028609,-3.6342967,-1.4025562,-0.72665036,0.5128012,2.5862272,-0.8701416,1.6181828,-1.9768416,0.3978462,-1.1143026,-1.5394094,1.714437,2.5336668,1.3513286,0.10706175,-1.2647876,-0.030057793,1.0582753,0.85468906,-0.08140032,1.848083,0.5532213,0.20827737,0.8776063,1.8276926,-1.818383,0.26599777,-0.320513,0.15781504,1.558842,0.9854992,-2.7631216,0.2542444,0.17916417,-1.1876934,1.3670723,0.6228271,-0.93023974,-0.09406015,-0.08916979,-0.17214455,0.31249008,1.0525801,-1.0535073,-0.1412006,1.0855187,-1.0086008,-0.41860193,-0.7794118,-0.2599173,799398V2Q301423.jpg
5.7983313,0.565105,2.9909668,0.19408247,13.687307,-2.3631184,-0.7977464,2.4404352,-0.47637805,2.5306711,2.196867,-3.6125398,2.3125985,-0.45049593,0.7067863,-0.33780345,-0.88034725,-3.3903463,-0.24985707,-2.674804,0.5177667,-0.13020246,-0.2155082,-1.7555112,1.3060515,0.6277862,-0.078769475,1.6631244,1.0105296,0.05049219,1.1506313,-0.6536314,1.7931973,1.5395552,0.77378035,-0.34928986,0.09186569,-0.4318357,-1.483704,0.4771838,-2.0995173,-1.1215764,0.745769,-1.8050798,-0.76594734,-1.7223032,-0.7252082,0.18619315,0.045454197,1.803287,0.9601832,0.99943775,-0.3958479,0.65778935,-0.12972896,-1.9728614,0.99607307,-1.3295321,2.0761418,-0.17213649,-0.012653672,0.3545383,1.4096198,0.7761448,799398V2Q301511.jpg
9.884637,-1.0726438,-0.50845635,5.0545554,4.4598374,-1.0597775,-1.6365273,6.1816683,2.865208,-0.6177242,1.8814925,2.0724387,1.3643785,1.1751486,0.8326671,-3.9063878,-2.6460016,-3.986639,-0.90954083,-5.171489,4.9400897,-2.1391459,0.29591382,-3.8602483,-2.246093,0.5502889,-0.77320254,-0.9851176,-3.565924,-1.9365766,-0.9029076,2.1820216,-0.1276923,-0.36556685,-1.1530483,-0.41189352,1.7290746,1.5132082,-1.037154,1.4552928,-0.6886024,1.1885431,-0.09061039,-0.10576928,-2.0651088,-0.6737305,2.4804971,0.39450142,0.2252864,-0.12499463,1.5804636,-0.5421966,-1.2210512,-1.6421901,-0.21550217,-1.9146378,0.438782,1.045263,2.5826592,-0.23085114,0.51715684,-1.3724171,0.0007930705,0.5968779,799398V2Q302018.jpg
-11.993826,-11.777982,-7.6238375,3.2514563,10.517367,-4.253911,3.3012266,5.445154,-1.7654746,4.7181783,-2.462987,-3.95628,-0.9065892,-4.3254666,-2.1796792,-0.64017874,0.038281526,1.0595647,1.7000293,-1.4112982,2.3198795,-4.8668175,0.9003431,-0.73114216,0.47877055,0.89628965,1.1270552,1.8922815,-0.4058633,-1.4657003,-0.12061389,2.465196,-0.08727294,-2.154482,0.809001,0.31689417,-0.20051622,1.7985924,-0.068286575,-2.1669383,0.39218587,2.4318497,-1.3020947,0.3897168,-0.17606716,-1.9126546,0.29701298,1.1716022,-1.2331107,-0.8921206,-0.6016719,0.5350003,0.72787744,1.1435285,-1.1748507,-0.15958236,0.27564332,0.44555876,-0.46582875,0.22054729,-0.8945476,-0.15829746,-0.98344797,1.3298905,799399V2Q301423.jpg
2.364358,-5.811609,3.0563118,0.3700062,10.536548,0.89144385,-0.33789715,2.4155629,-0.49223047,0.9912981,0.7176607,-0.36798146,0.024015538,-1.1609297,2.1878977,0.35916707,0.9453477,-1.6226976,-0.1683586,-0.223367,1.4888779,-1.9742856,-1.0825498,-3.0905006,0.3206917,-0.3078242,-0.34843013,0.77047753,1.3123769,-0.56334955,1.1787047,2.030871,1.2361853,-0.2953106,-0.65671605,0.9011782,1.150108,-0.383805,0.12487993,2.2358925,-1.4490268,1.1031221,-0.6289625,0.6842062,-0.500052,-0.6805314,0.3409816,0.57251304,1.8414679,-0.85497975,0.48606914,-0.9269767,-0.24985877,0.802439,0.14679053,0.092964225,0.24329567,0.6149836,0.08757823,0.13186519,0.11913037,0.7806705,0.56699014,0.9160723,799399V2Q301511.jpg
9.619033,1.5792891,2.064385,-1.4678972,13.004974,4.13936,0.39413822,3.0337021,2.432304,-1.9089063,7.828675,-3.0938132,1.5750937,-2.4368572,1.2463253,5.3174114,-3.9563134,-0.29211015,1.9845635,-2.592029,-0.83603555,2.5692327,1.3854514,-1.310071,2.1188018,-2.229828,-1.4562589,1.5060874,2.6672163,-0.86559856,0.65355086,0.9675972,0.68375444,-1.1892961,0.78968835,-0.9576409,0.5436948,-0.18531825,0.08084006,2.0704963,2.1071324,-2.5186856,0.34954184,-0.6635564,-2.4441788,1.6212664,-0.71658635,1.4431583,-0.8308302,1.7610186,0.7911067,2.6230052,1.439446,-1.4888152,0.08126693,-0.54100275,-0.27939776,1.3279428,2.423041,-0.35859397,0.52570695,0.67565006,0.8753706,-1.6822729,799400V2Q301511.jpg
25.626099,-2.8816772,-1.5450208,-3.9115853,4.4736624,4.2911496,2.71964,8.393987,4.778631,-5.218425,-2.5235963,6.3728657,-1.13085,1.6599728,0.8449641,-2.735995,-4.6528764,6.797224,-1.9960915,4.003279,-2.9460044,3.2744253,1.4499547,-2.3248343,-4.534011,-1.7529958,2.3382688,5.207725,-1.7075849,1.6018835,-2.2972198,2.8423364,0.9205384,-0.17151402,1.6549599,-0.36164686,-0.94276863,-1.9167805,0.079401106,1.8264905,-2.8018653,-1.6302016,-0.80695367,-1.8236859,-1.5531666,-1.3678322,-2.3071363,-1.0844332,0.466251,0.9058748,1.1818941,-1.065014,0.18773808,-1.1230721,-1.3325734,1.3958156,1.286876,-0.39017138,-2.1403775,-0.41849455,-1.6659565,0.08156825,1.547861,-1.9266068,799400V2Q309755.jpg
-4.7653127,-4.3364425,0.13146633,4.05552,12.537806,-0.78186804,-2.452056,7.0623217,1.64213,6.16905,1.1442957,-2.4128757,2.9232063,-3.4913218,2.3170953,2.3387265,-2.593824,1.7579885,-0.173813,-2.1581993,0.22328967,-2.3365307,2.3003924,-2.5836074,1.4112438,-0.5644456,1.8207008,0.43129003,2.8299055,0.0752198,1.0142787,0.18187888,-0.88401073,0.039819952,1.2065989,-1.6407473,-1.0010928,-0.952773,-4.9778614,-1.2997292,0.29339188,-0.2981106,-3.1368709,-2.4069428,0.5906039,-0.37579173,-1.4087927,0.58641106,2.1983235,-0.3445652,-3.064014,1.6499474,0.48832405,0.5474454,0.3053069,-0.33397686,-0.12307574,-0.14029971,-0.2907633,-0.8042551,-0.41135767,0.53457624,1.8229734,-1.1157027,799401V2Q301511.jpg
10.795886,-8.898459,-5.133586,4.223323,0.72480994,1.6941779,1.0043913,15.005947,1.1939406,-3.6853273,-5.049308,6.5835185,-1.593788,0.8050484,-1.968356,-2.9530017,-2.369271,4.451389,-2.371993,1.733176,1.7845949,-3.845091,0.6684243,-0.8528796,-4.8454804,0.20817524,0.911303,4.23677,-2.9318566,0.76955295,-0.40742975,3.3008127,0.18641223,-1.0233094,1.433763,-0.8608407,-0.6697203,0.7946632,-1.9297899,0.06697177,-1.5105145,-1.0882913,-1.6649483,-1.7464336,-0.37524828,-0.5782512,0.26239705,-1.6472211,-1.0023746,-0.75267535,1.0402865,-1.448784,-0.98669744,-0.47836292,1.9201572,-0.3519302,-0.12106668,-0.24650446,-0.32114092,0.7308664,-1.2319106,0.6700572,1.3800135,1.173722,799401V2Q309755.jpg
-5.751814,-8.143889,4.7421055,-5.008655,2.6755686,0.67584014,-2.6537802,2.83181,-0.27725953,0.6724134,-9.71029,0.09639798,0.74832255,-1.6525534,1.9656187,-2.3941052,5.4496017,0.17331629,-0.2977733,-1.5049949,-0.91888386,0.30245563,-2.1188357,2.0113459,1.5439954,-4.115042,1.5788598,1.9033191,0.28348956,1.1173378,2.216516,0.42801479,-2.5334268,-1.4927812,-2.1083546,1.1892995,-0.69556266,3.6410768,1.6973728,-0.6531891,1.9300115,0.09831819,-1.276764,-0.11150708,-0.9773058,-1.8990831,1.0875412,-0.74556446,0.09516343,0.31290317,-1.544693,-0.69794714,-0.8447412,2.0082884,-0.4472583,1.4202567,-0.88363975,1.2792771,-0.9110114,-1.4790719,0.15135092,-0.16216016,-2.0276477,0.43489552,799402V2Q301423.jpg
13.03271,-5.4904575,0.36181822,-1.6151217,2.8697362,-0.66206104,-7.267557,6.2392497,3.8078573,1.4211657,2.6098316,1.7083681,3.997131,2.2792592,-4.4166393,1.8099214,1.9742271,-0.21989253,0.953636,-3.204575,2.441785,-1.1769458,0.8148458,0.4358999,1.3948694,-1.1181858,-2.5060956,-0.12001163,-1.104852,-1.1530378,-0.22507048,-0.24302296,-1.8969024,2.0597055,-0.28287044,-1.0465846,-1.3811613,-1.4808856,0.04132036,0.22135639,1.6170516,-0.6073514,-0.834288,-2.3127406,-0.78487444,0.004634371,0.58840734,1.4062109,-3.2457204,1.2181412,-0.27663663,0.28416416,0.4723201,0.0070923246,0.7262838,1.6132854,0.733417,0.8856972,-0.108832076,-1.4414206,0.7447782,-0.65236795,-1.5939802,1.2902839,799402V2Q301511.jpg
-11.581226,-0.09228255,0.88765913,7.0039167,-1.9901471,1.1875287,-0.8028927,0.117656045,-1.0201937,2.1441727,-3.2147799,2.0786254,5.174569,-7.5675273,-0.53503156,-3.4877129,-3.2977998,1.4855921,-3.0780578,1.8695357,-3.8457274,0.05127164,-2.4884036,4.47787,-1.040011,-2.5152898,-2.0843601,0.61018586,0.4604611,-1.8974106,-0.42574838,-2.469852,1.6474215,-0.25022095,-1.3313193,-1.3214267,-1.6236665,-1.4256302,-0.9142066,-0.20057571,-0.05858451,-0.2783221,1.9490658,1.8480346,-1.7145056,-0.12140883,0.12618792,0.43344963,-0.17344046,-1.7449191,-0.54903406,-0.48450643,1.1148144,-0.6963468,-0.33597806,1.2205167,-1.422307,0.061516378,-0.23877808,0.29371703,-1.9407648,-1.5299655,0.7002966,1.7499849,810382V44501049.jpg
8.011571,5.919237,4.6663814,3.2547014,0.15627623,2.6357543,-3.47585,-1.3147007,-6.096084,7.345593,-2.8201826,2.7084048,0.92013603,-2.9750593,0.61869764,0.9822703,-3.9805446,-2.3742127,-2.1499476,-0.34006804,2.775348,1.8893421,-0.077689536,7.32928,0.7613519,0.32553706,-3.3681026,-2.359412,-0.36217216,-2.3157597,-3.3994732,-2.8726919,1.7848703,2.1555004,-1.4717702,2.4174926,0.25711575,0.855765,0.9381626,3.1980867,1.9270222,-1.0374186,-2.540967,2.277238,-2.9585614,0.2343469,-0.2375428,0.65234506,-0.19739859,-0.45746583,-0.69701225,-0.034513555,-0.73995376,0.044343803,-0.87081975,1.6798851,-1.3909495,0.095762394,0.7177161,0.91102755,-3.2857556,0.6907863,1.775489,-0.7914776,810382V44506411.jpg
4.4375515,1.5256069,0.16470915,15.937631,-4.2904615,0.2162187,-6.169749,10.453685,0.17604454,4.511619,-4.0350895,2.0905452,1.5188165,1.3261151,-2.7278216,1.2327839,-0.6117404,-1.8061569,0.41625157,-0.4520416,0.6677042,1.0939747,0.24452953,1.5671484,-3.343288,0.4838416,-1.6074246,0.9641788,-0.2096177,2.020161,-0.23883228,-1.7744286,0.10548868,1.3309761,-0.83454597,-2.5995471,1.3413599,2.1004357,0.5924877,-0.99752694,2.5462337,0.77547497,-2.1083562,1.2734425,-0.29564577,0.30978206,3.9275973,1.2808317,1.7311478,-0.9862499,1.0702963,1.4652479,1.8703548,-2.0172133,1.2770662,0.8343677,2.7706442,-0.82664037,-2.0003922,-0.8499828,1.0562438,-1.5847262,1.0003487,0.29971838,810382V44507410.jpg
-6.7810197,2.5631664,3.5863729,11.1041765,-1.3397622,-0.1804,-0.73242,-5.8913093,-0.75406414,-3.27147,-2.5043907,-2.9279475,6.6151905,-5.8437557,-0.3882866,-4.236145,0.2150358,-2.9420588,-7.6613593,3.9023085,0.19977573,-1.2182723,-3.981445,-0.5808826,-3.2252722,-3.723164,-3.1331768,1.2847025,-1.2008934,0.074163124,0.01110425,0.02600321,-0.8616529,-1.2741953,2.021719,-1.7731961,2.4377785,-1.7103552,0.35976252,1.2962356,2.940791,-1.768076,0.024506165,-0.6232257,0.924926,1.5860562,0.5882903,0.7420136,1.7455467,1.5056226,-0.008260037,0.5459887,-0.06036575,1.5953903,1.3711513,-0.03660418,-1.0133325,-1.5589939,-0.1544567,-1.09601,1.224312,0.33558884,-0.7441061,0.68424124,821447VBL801280.jpg
-12.257689,1.0781003,-3.449168,13.019639,-1.2653503,-5.102431,-5.393645,-3.586032,-1.963791,1.317048,1.8522508,-2.6854568,7.3518543,-2.457039,-3.2758842,-0.048977982,1.872673,5.492378,-3.4991143,2.9458666,-0.49035957,3.2074873,-2.4925566,2.972443,-0.026236247,-3.9599478,0.3674816,-2.2000713,-1.4995638,1.0638424,-3.0327826,0.7774885,1.3720311,1.3425399,2.5746286,-1.8333828,-1.4976693,-2.009053,-1.5511446,-2.1654046,2.8490531,-2.7783544,0.0039837295,-1.2143599,0.22035281,-1.1030809,1.2201127,-1.0288268,-0.89896625,2.9972365,-0.558058,-2.4432018,-0.8819211,3.3799508,0.7263156,-2.6027663,-1.499624,0.10287917,-0.015533563,-1.8974048,1.1316545,-1.00157,0.47259152,-0.379586,821447VBL801315.jpg
-8.96627,2.1150737,4.9366665,3.7648041,-0.85902184,4.4665327,7.845165,-7.2929964,-11.141685,2.1029754,-5.347496,8.787737,0.93577653,0.49229863,-2.2700734,-1.8932774,-5.8282228,1.7247213,-0.1555966,-1.349287,1.4142665,-3.9829657,0.43828505,2.7449698,-1.7040118,-0.59928393,0.1045774,-1.7479341,0.515676,1.5259461,-1.3314258,-0.29689765,0.25558752,2.0807474,0.93126893,-0.36801285,0.2673446,0.73236567,-1.8032736,0.79033655,-1.0429308,0.963034,1.1201793,1.1520692,1.3458806,-0.53346807,-2.1810842,-0.97316575,1.1879616,1.2527562,-1.375399,3.6712003,0.544747,-0.20240474,0.42936292,0.327086,-0.13108836,0.93089354,2.3744888,0.8468286,1.1584717,0.11670495,0.9829014,-0.24398302,821483V2Q301049.jpg
-1.2525632,8.599172,3.7504544,7.399532,-1.3201704,0.61208755,1.1062351,-6.629269,-6.209063,6.231047,-2.2889688,3.4702044,4.2989717,5.6772404,-2.986622,6.3987823,0.18539137,0.20496207,1.3190529,-0.5729972,-1.5925496,-1.3953925,2.0295315,-1.9359736,1.2666553,0.7263303,-0.3210536,2.324184,1.2896397,0.7200995,-0.43494317,-1.9688892,-1.7786378,6.031882,0.627573,-1.2911891,0.32452092,0.13588779,-0.16479048,1.6094551,0.64334065,0.15163474,0.9051887,0.4342008,0.62149817,-3.692968,-0.61049527,-1.2546617,-0.48240504,1.3291141,0.667691,2.7733147,-0.24458243,-0.11997549,0.39858836,-0.9754435,0.33745223,0.6256644,-0.5116019,-1.1901349,-1.9882048,-0.83273506,1.1751453,-1.2317147,821483V2Q301509.jpg
13.715751,5.935125,1.4135059,3.61046,-1.3865542,2.2638268,0.40173092,3.7671204,-8.642795,5.811759,-1.4345008,0.4317068,1.7518563,6.411189,0.7485342,1.1352746,-2.0226927,-5.464201,-1.6594473,-1.3702611,3.589692,-1.2585965,-0.15973146,0.9553175,3.4868295,-0.8001955,0.92434335,-0.5544808,1.3482007,1.8739915,-2.0775733,2.9979131,2.2671316,-0.25616962,-0.47553462,3.051082,2.07359,0.74412256,1.1013081,-0.905274,0.8457709,2.9095688,-2.1355913,-0.2781837,1.7425195,0.7253882,0.25808802,-2.8230586,-0.2563032,-0.08048156,2.0723977,1.1525246,0.5766013,-1.5682201,0.8545768,0.39659867,-2.4154465,0.90080214,-1.7265556,0.88831204,0.9569365,-1.9732056,-0.913411,-0.979139,821483V2Q306006.jpg
8.2424,9.82728,1.3051353,13.836173,-9.881132,5.3374352,-1.6750615,2.9787068,1.7504814,-10.147742,3.1927843,-4.768253,-1.6404191,-2.0087008,-9.077328,-2.7182128,2.8232195,-5.8871474,-2.264534,-2.2290907,1.2183284,-1.4954717,2.845762,1.054902,2.3451955,-1.7595334,-0.24815406,1.6092299,0.4430078,1.6110795,0.9927551,-1.7454456,-1.3366033,1.762249,1.5618658,-0.5453114,2.9294488,0.6791624,1.3607094,-0.6018609,0.3267996,0.6299714,-0.113681585,-0.5287637,1.9374783,-2.7023072,-1.4663594,0.45807,-0.9193372,0.42479357,1.4434543,-1.5933019,-1.0789471,-0.2853597,-3.3184006,1.2836202,0.04483214,0.69031,-0.0010111642,1.0138189,-0.5245504,1.0889386,-1.4194577,-1.5326006,821495V44508043.jpg
12.758654,5.876422,-2.1240034,7.163193,-9.695219,4.5019155,2.3491385,2.3587065,4.6380477,1.7501575,-0.8792248,-1.7983327,0.05411358,-3.9557078,-0.92930025,-1.7905102,4.676422,3.3664126,1.1653268,-2.3675263,-1.2729255,0.1960035,3.9915059,-2.7906044,-1.9301541,0.19616221,-0.8069574,-2.2112257,1.7984864,-0.35943776,-3.0913603,-0.3197246,-0.6801177,0.12851302,-0.6911446,3.641355,-0.9268463,0.4752036,-2.01691,-1.9836253,-1.6816319,1.9608481,2.488887,0.4271737,-1.8803598,0.9082096,-1.7335066,1.713876,-2.296918,-0.8965939,0.7260055,-0.822672,1.8222909,0.77434766,0.20744835,1.2969646,0.7711837,0.0045181857,0.95380384,-1.6783216,0.6262644,-0.90905404,-0.28372258,-1.614889,821495V44508045.jpg
2.0358882,13.268033,4.224132,11.879216,-8.992647,4.0476036,6.506782,-2.7419527,-4.951419,-5.9514427,-5.1464224,-6.665586,-4.4653373,-4.5111847,-6.1534996,-0.41537946,4.4253335,-6.042223,-0.34769723,3.088745,0.31479815,-2.65865,3.8424392,2.3087769,0.10775897,1.9528898,-1.9953445,5.44247,5.191062,1.6369619,1.6518785,2.4471776,-0.04613346,0.53964657,2.0125155,2.1136265,4.7948093,-1.1298032,-2.6933732,-1.78525,0.33032495,-1.0699059,-0.48129645,-2.3604944,-1.444497,1.9725465,-2.7238941,-0.98138815,0.8368002,-1.4100376,-2.49972,-0.4980144,1.0654963,-0.2748699,-2.026897,-0.81493545,2.700138,-0.623647,0.19425927,0.5358699,-1.4101982,0.1460485,0.35522538,1.6491594,821495V44508107.jpg
9.376477,5.800541,2.5166647,4.0413117,-5.578669,11.437476,5.1058326,4.6927557,4.586352,-2.5469763,-5.3754034,-2.8328161,-2.3470142,-6.093502,-2.180807,1.0246775,1.8322173,1.4742397,0.7503949,-0.06269457,-2.1601703,3.4971023,-0.9230759,-0.13127153,1.230797,2.9277618,-0.028869215,-2.5518486,5.462484,-1.8419641,-1.6492062,-3.0054908,-0.3081466,3.05186,3.0201964,2.11106,-0.7524243,-3.0107749,0.049173173,1.8345207,-3.5527453,3.0878477,-0.8312752,0.39465943,1.5083992,-1.0119666,1.8031772,-0.4452728,-0.64808476,0.65455747,2.6759388,0.54181486,-1.4290361,-0.7753708,0.5369813,-2.1214209,-3.925916,-2.6051807,-0.5518245,-0.22516687,0.5573504,0.7649042,-0.9028707,1.0235938,821495V44508118.jpg
7.5163317,10.196899,-0.38466668,13.002258,-10.748617,3.4487872,0.1548711,3.19765,5.642888,8.098714,-2.1095116,-2.0487416,-1.7560588,-6.536602,-2.209969,-2.5368106,3.1036665,5.2971396,2.7827623,-1.3036109,-1.2166582,5.4528503,3.018266,-4.5189757,-3.6511157,-0.62468326,-2.4482408,-4.4250107,1.5711566,-0.97170264,-3.5553923,0.99142176,0.55368686,0.50157696,1.3571458,2.0651693,0.90904397,2.3911393,-0.32180902,-1.361521,-2.35976,-1.1321949,2.330937,0.32350907,-0.88685805,1.2393856,1.3276758,1.8369266,0.668432,-0.4648532,-0.22068638,-0.5037985,-0.40237123,-0.05380875,4.241794,1.4798186,-0.4910942,1.7524257,0.88296425,0.9413119,1.657882,0.46951142,1.9053049,-0.56829214,821495V44508224.jpg
-11.020291,-11.327022,2.363707,-6.956879,-5.560313,-1.1443028,0.28994033,1.730114,-1.2614994,-1.0141543,-3.9250922,1.572828,-1.1763016,1.986849,1.333001,-0.77153605,0.8976666,-1.9475076,-0.9741023,1.3114065,1.0005875,4.8722887,-2.8857803,-1.9259769,-2.8893468,-0.22597083,-1.590845,0.14359662,1.848987,2.1791563,-0.6307588,-1.6050957,0.7830386,-1.1879424,-1.0469149,-1.9848586,0.36932302,0.6789321,-0.31967622,-1.2424918,0.3576713,-1.8306217,-1.8045377,-1.3731393,0.16878922,2.748481,-0.56571966,-0.5429383,0.063934304,1.2321188,-0.9141085,0.06654734,0.52825433,0.35711214,-0.021583302,0.32305345,2.2725766,0.61154,0.60550916,-0.8639176,0.7733723,0.5817815,0.56305486,-0.78345287,821505V2Q301049.jpg
-8.645482,-3.8317492,-3.8923573,-2.7674117,-2.914063,-0.6727047,-6.786477,4.668004,-3.3059137,-0.5081041,0.421622,-1.0827451,1.9906543,1.5185292,2.5096526,2.0065298,5.565839,3.2999845,1.4458863,5.4463987,-4.2138476,0.60333663,0.7717491,4.461164,-4.2163568,3.4204614,-1.4040525,0.5284908,2.7969227,-1.9306246,-1.8823261,-0.3998367,1.5133085,-1.2816092,-3.6029127,-0.49861637,1.0166838,2.0089355,-1.3510749,0.17497858,-1.2566074,3.0513887,-1.6218228,-1.5697902,-0.28168637,-2.4698145,-0.25606188,-1.3812153,-0.93950814,-0.3266823,0.21878658,1.1691934,1.2111169,-1.55902,0.039161928,0.72596496,0.6937761,1.0019153,1.5397273,-3.1291227,-2.58184,2.4898727,-1.3153417,0.6412282,821505V2Q302819.jpg
-21.441977,0.7375288,1.0356512,-11.511568,-12.621234,1.2646669,11.104657,10.620854,5.7347727,0.6298773,0.52465516,-9.202523,3.558406,-1.8210782,5.631613,6.4905868,-0.113236584,-1.4807305,-0.26773214,1.5123979,4.4614563,2.3113916,-2.2406454,1.1305422,-3.3699822,-1.7314202,-1.8334152,3.6391916,-2.378051,-0.6686487,2.5273464,2.7921433,4.8497133,6.7765265,-5.014354,0.9694209,-1.2206689,-0.0074309083,-0.1775931,3.6377537,-1.3294475,2.3295605,-0.7182391,1.1748266,3.3183265,0.5823924,-2.2317164,2.835553,-0.6610587,1.6285197,-0.7778165,-2.6200328,0.08968084,-1.5596595,0.006154496,-1.8506348,0.11227763,1.0274822,-0.12896025,-0.9243174,0.027079206,-1.1629486,-0.72874707,-0.83965987,821510V2Q301049.jpg
15.426238,12.928752,2.7528982,-15.008084,-0.97951764,-5.0926714,-4.603897,0.7014199,-6.407702,-4.7161713,3.1849272,-5.251515,-1.9796457,2.2664504,-9.55569,5.149645,0.70477504,1.7359496,2.7087264,-7.990726,2.3369117,2.9374776,-12.271551,2.5261781,-7.4986124,-0.50479555,0.046065554,1.6789875,-2.022898,3.1808705,2.2926993,-1.508314,-1.0363507,-4.4192915,4.3865404,3.1232393,1.917961,-3.1440904,-4.4659295,1.0979779,-1.1232972,3.6572192,1.7452074,1.3583587,-1.1243533,-0.43351224,0.79538333,-0.09650935,-0.34872398,0.33313677,-3.093624,-0.025103208,-0.33493167,-0.5943487,1.2611289,0.022588495,-0.5117456,0.39893785,-0.65387756,0.61449796,-0.34812555,-0.86370766,-0.108903356,-1.0694405,821510V2Q302900.jpg
-3.8385696,-10.255531,3.8153532,-4.091964,-4.128622,2.8284955,-0.18490386,0.69912237,-2.247543,-1.0143944,-3.6117325,1.2002807,0.82231456,-1.1761165,0.421944,0.14724569,0.248239,-0.87433726,0.052896168,-1.9704959,1.0498892,0.6616183,-0.6218024,-2.1091855,-1.4678288,-1.2671468,-2.517166,-0.15787457,1.590331,1.5426128,0.1750222,-1.5023142,-0.12352003,-1.3814188,-1.5762328,-0.30160195,-0.24140595,-0.9172526,-1.1234106,-0.45771426,0.13753036,-0.45938763,0.68910843,-0.35007915,1.623085,1.9712203,-1.3357508,-0.6401008,-0.29998094,-1.8099465,0.9825407,1.4580145,-1.3790787,1.1115236,0.20670949,1.9469917,0.051640503,-1.1185036,-0.06260691,-0.86938196,0.20117739,-1.3337926,0.7725726,0.9312107,821514V2Q301049.jpg
3.3699925,-7.3206563,2.114784,-6.8681774,-2.0717998,0.70110065,-0.96575457,1.2110778,-0.79328597,-2.2473924,-2.4695268,-0.20952545,1.2316133,-0.9867951,0.37647012,-0.7238429,1.1458172,-1.4842067,-0.09207955,-2.3698196,-1.033081,-0.7145263,1.746081,-1.4037484,-0.61777514,-0.14751057,-2.5778217,-0.8157032,0.8985269,-0.06653107,0.64643633,-0.24696912,-0.8303421,-1.2478628,-2.8745325,-0.92189646,0.6830874,-0.83428836,-0.36119702,0.952904,0.20284791,0.7280348,1.5538979,1.52966,0.051354345,0.44814873,-0.62340266,-0.55589783,-0.3048266,-1.4522873,-0.41901782,0.6337402,-2.7734444,0.99968505,0.44710207,2.4082546,-0.10376954,-0.9539163,1.7651291,-2.2792647,-0.41119742,-0.36801624,0.51442266,1.5682237,821514V2Q301136.jpg
-2.857877,0.9588601,2.8375206,7.04549,-3.5070217,4.75694,-1.8738691,-3.4846907,-1.2047166,-1.3510466,1.7141587,-1.4736679,1.1346593,-2.6494737,-0.9927011,2.6129715,-0.08935083,1.2362981,-2.8260717,0.5383622,1.3201154,-2.522698,0.5688344,0.6581448,0.7791356,-0.43543413,1.1151947,0.11503641,-4.173503,1.7872585,0.5539246,-1.855892,0.68628293,-3.4202144,0.35992524,-0.96986073,-2.583177,3.3600152,0.087573074,3.1635222,-0.7823789,3.6387737,-0.79130375,-0.35043603,0.18813138,-0.59977895,-0.3660553,1.1567689,2.6083064,-0.63488597,-0.13199301,-1.1493418,-1.6945585,2.430181,-1.3061558,0.41804713,0.9867615,0.55490524,2.0614781,-3.0230005,-0.58813196,-1.5245732,1.063159,-0.71432644,832788V2Q301280.jpg
17.637371,5.256174,-1.6640646,4.168175,-5.305945,0.43619254,-2.0378323,6.225195,-0.6933131,8.407952,-3.087438,-3.2601998,4.6311,0.73090285,-3.376139,0.023653014,0.0963422,-2.3701267,-4.4413,-1.1045287,0.72852135,-0.56722873,-0.31374997,-0.20447043,0.8660892,0.8354256,0.40153533,0.51462317,-1.5949081,3.461676,-2.7900996,-0.017165663,2.4361916,-0.88504535,-1.412939,0.8200804,-1.1395228,3.5334406,-0.21264125,-0.8179756,0.8862701,0.9271994,-1.4564638,0.7440307,-1.0253816,0.24292836,2.239915,-1.7905396,0.6458361,0.8819683,1.3355207,-0.6411747,-0.48972866,1.5783751,-2.2023134,0.42055038,-0.81726444,1.2755533,-0.23225367,1.4305228,1.8860679,0.10615536,0.3055082,-1.4612597,832788V2Q302003.jpg
-3.4508796,-4.906415,4.075453,-5.400323,-2.1170657,2.0788875,-2.8133197,-0.060563263,-1.887336,0.7137377,-9.845018,-5.623917,3.043157,-3.6742587,-0.69261557,2.7578557,-1.4823663,-1.6713572,2.2950907,1.7953558,-0.18855587,2.4802306,-0.94225574,0.47292033,0.048591807,0.3272619,1.1166013,2.87262,2.3860571,0.63834476,-1.4963211,0.34062082,0.22844502,1.5331933,-1.3406856,-0.18161127,-2.5464447,0.75544715,-0.41172472,-0.08989343,0.62380236,-1.113531,1.1223648,-1.7184929,1.4439602,1.8341372,-0.31190827,-2.2686167,0.5984117,-2.9816172,0.77127546,1.6526059,-4.5904937,-0.3185344,1.1405784,-1.1628262,2.3940668,-0.38976303,2.6700308,-0.75483835,0.11406298,-1.0464795,-1.3892285,-2.3903856,832792V2Q301049.jpg
2.5120168,-8.230649,2.2819016,-7.924919,-1.8403776,-2.0803127,2.6417875,-4.229767,-3.3538115,1.3571416,-2.0994558,1.8512567,-0.58520955,0.42591536,-0.31749386,-4.004387,3.7853653,-1.3869933,-0.6425524,-1.1203179,1.7831982,0.58761895,-0.15988314,-2.115209,1.527044,0.2950724,1.1009897,-0.5690045,0.7662554,0.7668901,0.3788394,-0.23781201,1.4686514,-2.299227,0.7180292,-0.41569713,0.7202491,-0.15735401,-0.64114416,1.3305347,0.10512272,-0.5055715,-0.5548241,1.7537059,-0.0699332,-0.0992276,1.8126887,-0.47852263,-1.2578753,-0.7435608,1.3100902,0.19497678,0.4814207,0.7216719,0.09728882,-1.1977493,0.8525278,0.25017762,2.8188102,-0.10654836,-0.35001552,0.30174226,-0.31517047,-0.11794621,832794V2Q301049.jpg
-5.9361434,-6.835824,2.0006385,-4.1705484,-4.385593,-5.4558654,-3.609594,-2.2292259,-1.4471776,3.4639883,2.1497355,2.6605628,1.0500911,1.9019045,-1.1368632,-5.0960493,4.2347803,-1.6546836,-1.4910526,-0.6545787,-0.54864687,0.90691113,-0.5478902,-3.3212562,0.7770262,-0.93438053,2.0933905,-0.6115402,1.7964888,-0.26902214,0.13516411,0.4199174,-0.18980943,-1.4281281,0.7074203,-0.2706204,0.090267025,-1.1701231,1.8154347,1.6784413,-1.9656609,-0.5056428,-0.7599786,3.3884277,0.014663671,-1.2426299,-0.32055405,-0.26566082,0.4548957,-0.988398,0.26019034,0.17095761,1.1833588,-1.3458245,0.44438532,-1.5052599,0.22757146,0.37561193,2.5345767,-0.62551445,-1.3776658,1.0376463,0.17524055,-1.7131681,832794V2Q302819.jpg
14.463002,6.3780737,-1.1191077,0.91333663,-2.6600816,4.997377,5.8696527,-5.731846,-1.5229763,7.1944976,-2.7725124,-4.924564,-1.4974966,-5.071585,3.4717019,-1.0106872,-2.9856853,1.8252409,-0.9739119,-1.6249828,-4.446442,0.47467354,-1.7214417,0.4297918,2.324833,2.9583488,0.98022944,-0.15150364,-0.17381594,-0.42131662,1.7142694,3.324447,-0.34955162,-0.79479754,-0.5828887,1.6265179,-4.1669583,-0.4270739,-0.16456378,-1.1496873,1.0652493,0.19408368,-2.6655593,1.1375953,1.7964114,0.5641381,3.1279795,0.4090077,-3.4517539,0.73437935,-3.485683,1.7818505,-0.06740687,-0.24629714,-0.3020935,-0.7939741,1.2235476,1.2804753,-1.3296405,-0.047550544,-0.8413988,2.940783,2.1698039,0.66330594,832796V44508107.jpg
-0.18660235,0.24671485,1.9028462,5.512812,-0.88148797,2.3452544,6.6198344,-10.72699,-5.6272697,0.90395045,0.41912636,1.3418587,1.9087368,-1.8198065,2.08149,0.11454497,-3.4449553,0.13295,-0.42584223,-3.127679,-0.8334963,-0.40390095,1.0318446,2.5268092,1.6847547,0.31411138,-2.1822066,0.6947038,-1.4151204,0.39305142,2.6166022,1.7452959,0.7053278,0.20366216,-1.2220608,-0.3370509,0.24706233,0.486098,0.27049634,0.1294595,-1.4414905,2.6197355,-0.28623566,-1.4867586,-2.2015202,2.3822877,-0.929886,0.79704285,1.0141189,1.3000021,1.0677061,-2.4755545,-0.13365881,0.21792442,0.5688611,0.7050886,2.094411,-0.873769,-0.026355658,0.23258947,0.15138759,1.7692602,-0.48764256,0.3746589,832797V44501219.jpg
-11.844504,55.057392,-14.169954,-14.497878,1.5040283,-20.814243,-1.5629816,9.912233,-14.376272,-8.068284,-1.835198,12.505162,-3.8063076,-14.781363,3.2985916,5.8460727,3.5220628,-1.9034823,-2.7724483,-1.9244133,-1.4741364,0.5884832,2.1157348,-3.2669759,1.1778893,-0.45024103,0.59675217,-0.75218385,-1.8084952,-2.3850353,0.24307662,-0.5956012,0.57019275,0.09622021,0.11369422,-1.1405431,-1.1532433,1.1186142,0.771902,-0.706733,-0.18131526,-0.7949166,-0.8891925,-1.1723396,1.132389,0.71566373,0.53999126,-0.5322779,0.2499156,0.1789109,1.3514735,0.45647505,0.2703097,0.055807702,-0.13776623,0.34707347,-0.06491496,-0.026480518,-0.15673646,-0.20693389,0.2627928,-0.0092460085,-0.33705854,0.1121276,832875VBL801508.jpg
12.908691,5.7708282,1.2422318,11.556305,-5.0797462,-4.349863,0.24472155,1.1696773,-1.7981622,4.665634,-11.899522,2.287076,3.3100164,9.557474,2.1221058,9.173375,1.1687996,4.11317,2.9988332,-2.8726861,-5.5519266,3.881597,-1.4727229,-1.7552476,1.6396108,3.4975753,-0.593403,3.9883895,-4.0483747,5.0819,1.1419411,4.0488505,1.908592,-0.98809385,-0.30787006,-3.4394212,3.2889104,0.282855,1.4130543,-1.1451201,-1.7197049,-2.3383327,1.0273259,2.7327297,-0.041719772,1.3788004,0.78376865,1.1572857,1.8633779,1.086728,0.09590055,-0.40815264,1.0396641,1.1813772,-1.409707,-0.53653467,-2.6509745,-0.85987496,2.0529263,0.57063556,-0.42703906,2.0774207,-2.3879457,1.5188372,832879V44501398.jpg
10.138033,6.4424233,0.018920096,3.0067456,-5.003696,1.6554039,5.044058,-3.742552,2.541445,-1.915811,0.028921591,-0.9934798,3.227565,-1.1964244,1.4164838,-2.4196062,-1.8879896,1.3266976,4.024388,-7.0770326,-3.9895992,-2.035494,1.7970511,0.8870695,2.364989,-0.10675727,3.2494776,0.732605,-3.0344775,0.41115093,1.371714,-1.001481,-1.6623002,-1.6630468,-2.2240195,-2.290753,-2.940845,0.23793164,-0.5667692,-3.4269068,-1.3048263,3.3984869,1.9260272,-0.2251611,-1.6481034,3.2488475,0.03435799,-0.29138076,0.8041318,-0.53427577,-0.033271335,0.57991815,2.8763103,-1.099222,-1.471121,-0.83179283,-0.46435788,-2.8554015,-2.1121137,-2.0598507,-1.2161176,-0.3740036,0.27826136,0.13578868,832879V44508020.jpg
3.1201272,1.0713513,4.623799,1.2435921,8.618057,6.599887,-3.0857048,0.1573472,-1.1582434,3.3642895,0.24041303,-5.5787024,-0.15313675,-5.398739,0.45945042,2.4959416,2.3218396,1.0564629,-0.09024849,3.1504657,-1.3776906,-2.0213034,-2.518453,0.023726845,0.8761153,-1.1307513,-0.49213102,2.6261053,-0.6935666,0.72303987,0.11863427,0.8129783,-3.0787826,-0.666466,0.7864739,-0.80133575,-2.1429045,-0.33577877,0.77534676,2.1870728,0.752959,1.3698179,0.66116774,0.9437424,0.032048143,-2.8585105,0.3719091,0.9650855,-0.2941075,-2.1683705,3.3962178,1.5573167,0.6928155,0.17546643,-1.5424588,-1.5171397,1.493926,1.5290424,-2.3623507,0.51470315,2.277823,1.7196908,0.8629426,1.3775562,832947V2Q301295.jpg
4.074161,7.861082,10.122073,-5.8933077,9.035593,1.1885731,1.9677973,-4.108673,-0.88985866,5.611002,-9.869782,-7.688177,-0.006661448,-2.31205,3.7552478,0.36079606,1.4913931,2.6451468,-2.4102585,2.293997,1.4410956,3.4159803,-0.027319474,1.9430889,3.8700411,2.2693927,4.0710526,-2.5613408,-2.688044,1.4708778,-3.7913215,-0.39530915,-3.3183055,-2.8549547,2.330704,-2.1539056,0.41181257,1.3444548,-0.13723394,1.6990103,-0.85631704,-2.1239285,2.7618098,-1.2399954,1.3174353,-0.4570799,-0.5489844,1.2769479,-1.2787155,-1.2457652,1.1449119,-1.7167517,-0.380351,-2.310056,0.42742017,-1.2504207,3.033929,1.2549345,-0.5284579,-0.06841262,-0.17139672,-3.0638554,-2.2854664,0.7155145,832950V2Q301423.jpg
-13.922805,27.636532,12.762947,5.448545,4.2542224,-7.0927696,-11.897129,-0.4703981,-0.11450069,-7.559345,-2.8912265,-5.800969,-1.7406216,1.8854271,-1.3994099,-8.444405,-8.528642,11.748635,6.93101,6.6094503,11.611945,-0.1765871,-3.883526,-5.3365116,4.0049767,1.9202514,-1.7392176,-1.1343473,3.6584222,3.8819427,2.3625693,-1.1705995,0.63048494,0.19964236,-3.973184,0.80969,-0.98552436,1.4720868,1.0216559,-1.05556,0.322299,0.5480399,-0.16122584,0.96270937,-1.2933098,0.91517276,-0.3214554,-0.7513225,-1.5204142,1.29961,0.8324054,0.59465116,0.43807983,-0.38090873,-0.49267846,-0.29581308,0.06564772,-0.39169392,0.24904118,-0.08571174,-0.87926763,0.668953,-0.38230753,0.96235335,832950V2Q301511.jpg
10.1779,5.9732513,10.415564,-2.559718,10.603379,1.5241956,-1.7778019,3.5805566,0.21202086,0.1720968,-1.5045218,1.0348889,-1.4759862,5.367215,4.1133046,3.7648547,1.1019822,-0.887967,-6.271347,1.7628694,5.2991004,0.117042154,2.5481508,5.032633,4.404707,1.380928,-1.0541661,-4.3764296,-2.6691356,2.4214334,-5.4321346,-2.4101648,-1.3172135,-1.2023058,2.1566997,-1.1054792,-1.2663285,0.19111234,-2.5290983,0.13972796,-2.5566864,-1.6940788,-0.6018504,0.74775624,0.24383108,-0.53772193,-2.2796624,2.414704,0.26132578,-0.9462372,-3.2953897,0.42710117,1.1570628,-2.2628157,0.22056508,0.9279409,-0.6116337,-2.6301327,-0.39354134,-0.6624721,-0.4872105,1.1691883,-1.5083474,-0.4225143,832950V2Q306414.jpg
-6.6226196,6.0632915,7.4961996,-4.7784076,11.238312,1.6185185,7.0637183,-2.9998574,-4.3732357,-1.092315,-1.359207,-0.66620713,-2.7957976,4.360823,2.218192,-1.9337132,6.9599504,-0.91937155,3.7602081,4.934521,-4.538665,-2.6049597,0.5557941,1.4782056,-2.2607865,1.2838472,2.5091546,-1.1442956,1.7474108,0.6414142,-1.944269,-0.7404546,0.90200776,0.2300803,-2.6294496,-2.848834,0.5554007,-1.8751564,-1.7353396,1.0176953,-1.5079978,1.2236602,-1.3352562,1.1077996,-0.93297243,-0.5283969,2.3436272,0.656531,-1.1630759,0.45310217,0.21121132,-0.3724225,1.2577114,1.5709434,0.2730143,1.2194959,-1.3350503,1.6058354,0.29465288,1.3770316,1.1524489,-1.4512526,0.76178277,-2.4001808,832952V2Q301423.jpg
-4.7336946,14.205368,9.814865,-2.8296974,13.754313,-0.85884434,2.937801,-1.3439854,-4.474718,-4.705965,0.2178772,-7.2997365,0.25455204,3.6488876,-2.0774581,-4.8807063,4.010912,-7.031958,3.0522647,1.8177099,-3.2801301,-0.11483803,1.6504217,2.2145574,-3.8085814,0.08591156,2.493741,1.5849857,-0.28478086,4.651972,-0.8059951,-0.34388992,2.115037,0.09235041,-1.4190316,-4.1342006,-1.7482679,-2.8452852,2.2809749,-0.21770956,-2.0348704,-0.3694161,0.7606353,-0.641619,-2.293427,-0.43651724,0.33789536,-0.2684555,-1.7616513,1.1041652,0.58165246,0.77974874,-0.68993163,-0.27973375,0.6542256,0.75540924,-1.7213835,-0.3988387,-0.8323569,-1.5375688,1.2617012,0.83819187,2.2789602,0.38983193,832952V2Q301511.jpg
-6.231936,-1.6587071,0.84119743,5.060959,14.367274,0.74589694,8.689914,-1.8617338,-0.828062,4.884236,1.1171525,1.2311091,1.3136944,-1.0489727,-0.020784615,-1.3691885,3.8942342,2.2770283,-4.564669,0.30713174,0.4614611,-5.2953987,-4.3804817,-2.434699,-2.1204336,2.203211,-2.3345137,0.6294407,0.8120674,-1.1867455,0.67182744,-2.0260096,0.061785467,-1.5051692,-2.8934326,1.363274,-1.3597375,-0.5584322,-1.8562205,-0.4779186,-1.8188957,-0.28575993,-1.0916352,1.4518006,0.301201,0.55133665,-3.0324469,-0.8676802,1.6956624,-0.72288483,-0.6383424,0.46235135,-0.5760706,-1.0942862,-0.9810878,2.715372,-1.3042848,-0.13469289,-1.4352425,0.7661346,4.069232,-1.5387481,-1.510598,1.7115163,832954V2Q301295.jpg
-12.330985,4.8258305,9.503486,-7.9279313,-8.0698395,8.329037,1.7622392,3.873903,2.7240028,0.72609997,-3.9836555,-8.3538685,-11.951454,3.3036215,0.97778267,2.7588725,2.6075704,4.900934,-5.4214067,-4.0649834,0.37382045,-5.403649,-2.5818393,-0.6916509,4.8399796,-4.169544,0.60044307,-2.2393377,-2.3419492,-5.721551,2.029672,0.31809884,0.56471777,1.1724252,-1.9456078,-2.8870108,2.9641445,0.42666453,-3.7373536,-1.2502441,1.7634823,-2.1072118,2.4654248,1.5040165,-2.0858295,-1.7022297,0.32831186,-5.470485,2.285904,0.99463385,1.5171634,-1.120908,1.4060868,-0.9853402,2.1406226,0.8344581,1.8557309,-0.12374466,-1.0708477,-0.14148946,0.107988775,2.1866786,0.74827385,-1.6956785,841099VBL801049.jpg
-9.543086,3.2119691,9.796668,-2.2199945,-9.247489,1.7095641,-8.9176855,-1.9331725,4.5217648,-0.5471393,-3.222794,-0.7496936,2.2317605,4.5818653,-0.78787595,3.4882238,0.513706,3.6108918,-3.799729,-1.642776,-3.410898,-6.4055457,6.4336467,-5.2678223,-1.0914263,-0.49207416,-4.3426285,-1.016191,1.2929883,-0.5894404,-1.3573782,-2.2661831,2.6987298,-4.853737,1.9495277,-1.5644878,-2.1433682,-1.5150758,4.3395667,3.482287,0.7972084,3.4141822,-0.9110619,-4.5226245,0.9078205,1.4853171,0.030869938,-3.2406118,-1.6314335,0.55229366,-4.2489934,-0.8113803,0.9357696,-2.6955688,0.29957688,-3.2765586,-1.016766,2.147042,-0.25141525,2.3179836,0.3640518,-0.7916497,-0.49689347,0.53790474,841099VBL801508.jpg
-24.267593,4.5640554,4.7084947,-8.475171,-1.6634569,1.847505,3.5915406,-1.4611617,-5.5446863,-6.1529636,-5.296533,-9.020466,4.190881,8.733131,-1.4062178,4.8755126,-5.540972,-3.1743693,-0.98907053,3.0246089,1.8397156,-0.9322446,3.0603662,-4.4006314,-5.414282,-3.3815546,5.2534976,0.094796374,-0.8129345,-5.4077463,-4.4699626,2.040842,-7.3163333,1.5554012,3.2910721,3.7554452,-1.8427219,0.8141641,1.1027296,-1.6530466,1.3548145,-0.33935338,0.79746604,2.1253633,0.2295004,2.9545834,2.5601869,2.808983,1.4554197,-0.31199765,0.7983941,-0.6118008,1.13646,-1.3575579,-1.5316404,1.2146758,-1.2664816,0.36234212,0.7924922,-0.58701324,0.09465525,1.8754426,1.0101697,1.9071989,841169VBL801049.jpg
-5.2409573,6.5459895,8.242982,-7.536063,-2.777997,0.04794435,-4.5469275,0.7571304,-0.96765184,-7.147346,-3.9626558,-4.1335754,6.972896,5.6168303,2.642229,3.3357096,-6.0695367,1.7859172,-3.5708523,-1.3126723,-2.7092867,-6.9171724,4.058704,2.7333493,-3.9877393,1.3262798,-3.787241,-3.2875607,0.654967,-1.8797433,3.5713053,-0.4145971,6.0207906,-1.0567375,0.76063454,4.1220407,0.64072496,-2.372798,2.9350064,-3.0716145,-2.674915,-3.5139236,1.0080186,0.5456507,0.06730608,-3.327354,2.3698938,2.2330778,-1.2543881,-2.0763981,0.8660715,0.7577765,0.81485623,4.2365074,0.2567178,0.7841447,1.7049977,-0.63152957,-1.2821064,0.3388434,-0.7938188,-1.5216599,0.004875522,-0.5464686,841169VBL801508.jpg
-17.746513,-3.6058483,3.5957584,-5.1440797,-7.9827747,6.4974174,1.7019513,1.5856313,0.81083375,2.4376233,0.8213994,-1.0807995,-8.902467,2.051192,1.5521259,1.7917513,-2.809583,-0.9165948,1.4856117,-2.2770596,-2.3016963,3.3387387,-0.808825,-0.8809356,-1.3820813,0.94152653,-1.4936367,-2.2984073,1.4597218,0.49187386,-0.24624734,-1.0782189,-0.7275827,1.0447372,-3.7754312,-0.65579635,0.6865545,0.89960223,-0.919032,-2.075386,0.48252138,-3.5116255,-1.0395896,-1.4854157,-0.36670506,-1.5689099,1.6241235,0.053554732,1.176405,2.9098878,-0.6692368,0.85745233,0.54768074,0.009017144,-2.341982,-0.27136835,-0.17835914,-2.9970644,-0.19034143,1.7221549,-0.56289566,-3.7643616,0.17807408,0.7465614,841186V2Q301049.jpg
18.263767,10.073555,-1.2096761,-5.9970994,0.14666961,4.319798,-2.789669,2.9364488,-3.6901157,7.135569,4.5047135,-1.5128431,-9.922532,2.997925,-2.8878505,-1.8016403,-1.017042,0.1908287,2.9542818,1.3187585,-3.5625,-0.47772452,-0.7803652,2.5977147,-0.8834831,-5.197925,-0.7700216,-4.909296,-0.084409356,-0.80281824,-0.14467381,3.275349,-1.0147904,1.4129622,0.5727538,-1.9155362,0.79285973,-0.50802064,3.0734997,-1.0461059,-1.2689834,1.3563575,-1.1097949,-2.3837848,-0.7953588,-0.3208458,-1.1290538,2.3731267,1.2702876,2.4914038,-0.85954416,-0.37221497,-2.8321743,0.8979845,0.75044984,0.4809335,1.8209543,1.1693559,-0.48754779,-0.89482427,-0.7985963,-0.78580374,-0.21554817,4.094,841186V2Q307410.jpg
-4.2094836,-6.40427,2.987969,-5.9298744,-5.2295723,5.116773,-4.1891294,-1.6009232,-1.4975892,-0.9490538,1.8367815,0.71641487,-6.5808434,-1.2716353,-1.0280591,0.35392603,-2.0770648,-2.9825695,2.613407,-1.9152623,-0.30054492,0.7347853,1.7362678,-0.8074187,-1.522065,0.5492977,-0.76291007,-1.2426162,0.75340056,1.0289035,1.0218322,-0.8212619,-1.6772771,0.56973475,-1.048695,-2.7748303,-1.1913767,0.1524736,0.21130946,0.777304,-0.44636804,-0.8689162,0.9246646,-0.31797802,-0.6412592,-0.5580176,-0.17894751,0.3735226,0.6643501,0.56914735,0.21800098,-0.31247237,-0.9155126,0.95807934,-0.65790206,-1.1242595,-1.0118759,0.24277309,0.0012731911,-0.48042992,0.5829602,-0.44522607,0.2010461,0.8611568,841191V2Q301049.jpg
22.62202,4.4515605,-1.7929639,-8.458931,1.3796213,4.0115604,-0.2869618,0.35051426,-1.3706745,5.9962463,2.163675,-3.140917,-5.13414,0.58231056,-1.6969655,-3.3381648,-1.4259651,2.4214268,-1.5974499,2.3609507,-3.5851269,-1.5391451,-1.2656739,-1.5691972,0.6618716,-1.7570843,-0.51524323,-1.9052737,-0.7693367,-1.5816824,0.8948017,1.998362,1.4796273,0.95138776,0.6382754,-1.8653624,-0.13227366,-1.4812,1.4558426,-1.5389463,-0.3370125,0.111795455,-1.3346349,-0.0403786,1.9943347,0.04207588,0.7230593,1.3323982,2.5346775,-0.01601006,-0.2835686,2.589163,-3.7614908,-0.8429104,-1.314056,1.0414511,0.023697948,1.3225926,0.89040846,1.3992084,-1.1481909,0.27339262,-2.23023,0.05948177,841191V2Q301307.jpg
-1.5876167,-2.0809095,4.656566,-7.651582,-6.6953254,-1.7428385,-5.625316,-2.0243926,2.001551,4.1824646,2.012447,2.4839764,1.771846,0.6563503,1.035313,-1.5801222,0.45380068,-1.9004589,5.3750668,-1.7160081,-1.1538988,-1.2444988,-0.42834806,0.20193918,-0.3325607,2.477954,0.6070566,-1.107509,1.7605633,-2.2211752,0.77890944,1.3369908,-0.9394148,-0.17356864,1.9311702,-0.33257124,-0.35988683,1.5420516,-1.5381124,-1.856709,-0.6111706,-1.5470499,-1.9929624,-2.3359208,-1.3460153,2.1666546,0.40174633,-0.6702222,1.7584542,1.2582333,-0.03614846,-1.0314645,-1.3974602,-0.095585205,-1.6488625,-0.9364157,-0.75101876,-0.37423593,-0.15907642,-1.6617945,0.51768214,-1.6627551,-0.6406536,0.18844175,841191V2Q302819.jpg
18.026072,-0.17167297,0.7763069,-4.5614347,2.0654726,-1.2559776,2.8727248,-1.9885721,-1.2572006,-0.13801742,-0.98875785,3.1716073,4.3963737,1.4021319,-0.5370044,-0.38116673,0.7656409,0.9877274,2.2188346,2.948777,-3.0456371,-1.8019713,2.5155606,-1.6549531,0.5127053,-3.4751282,0.48199877,1.2624978,-1.9248685,-1.3861749,0.5845074,-1.5555519,-0.14736098,-3.3445966,-0.98584014,3.2447364,4.9107685,3.3370252,-1.0774488,-0.148045,0.5929304,-2.223664,-1.0598826,2.4662004,3.8817043,1.1434844,0.3912145,-1.3832794,-1.7872612,0.27262062,-1.8549649,-1.6271539,-1.2586122,-0.6126174,0.36588418,-2.4206944,0.95974874,-2.9578242,-0.0032336847,-1.8489771,0.5696993,-0.19397382,2.2469878,0.2229796,841201V2Q301423.jpg
28.022236,-2.1364532,-4.028663,-8.977274,3.4670153,-1.3715055,1.0471227,1.8040497,-3.196374,0.0029142993,3.6755738,-0.7906031,1.8782759,4.8015976,-4.258531,-1.9071002,0.9251377,0.3888468,-1.947999,1.1623693,-1.2520458,3.5167649,1.1641902,-2.3310766,2.6408074,-2.0181322,-0.21372187,-0.7370836,1.5117897,-1.4605459,0.12618998,0.59883296,0.33750117,-0.06418546,-2.4159508,2.6290448,0.24517605,0.0834102,1.0731677,-1.9020793,-0.04722875,0.9578417,-1.6785628,0.9920125,3.1801465,-0.32842436,0.14092784,-0.31818303,-1.8878096,-0.5168882,-1.4010569,1.0273926,1.012218,-0.30660027,0.5436504,0.034632344,1.3138059,-2.58195,0.043112356,-2.3474596,1.5993851,-1.1873485,0.008236831,-0.17892207,841201V2Q301511.jpg
-6.735096,5.730079,3.2183516,-2.3328524,-6.8175693,-2.4237034,-5.8531437,-5.7208285,1.8428504,0.9673507,2.0153182,-2.5533247,-0.090319574,0.2199762,-5.6732545,0.9583114,0.20481062,1.1056283,-7.7478733,0.850697,-2.14864,2.7856042,2.3925147,-3.5549686,1.6657668,8.51663,6.497434,3.652922,1.1947583,-5.1709814,1.2860619,2.318389,1.0827802,-2.172889,-2.3231235,-1.5092851,1.7004057,0.25659832,0.13964179,4.837808,2.659652,0.40140557,-0.4424546,1.9420387,-3.2397993,-0.09819844,-2.0264115,3.8732023,-0.99195707,2.6079838,-0.82314575,0.35731164,-2.2026584,1.2586453,2.4386888,1.5984182,0.15535668,-2.40964,-1.529993,1.698287,1.0130616,-0.67761797,0.25854346,0.20247093,841213V2Q302819.jpg
3.0982788,-5.5200067,1.0317881,-0.3031886,-1.5915384,0.7223529,0.5905317,-5.062066,-0.94721514,-1.8462971,4.308541,-2.9828517,1.9600275,-4.644153,-0.6884789,-0.87719005,-0.58698577,-2.102232,0.22992672,2.433738,1.5382053,-0.4770921,-0.17979605,1.1271088,-0.27197295,-0.4479487,-1.2852957,-0.54674834,-1.9805907,-0.44450504,0.7370946,3.2545507,1.5857476,-1.9398825,0.38741744,-0.7058217,-1.2463839,-0.96756184,0.63777775,0.72185934,-0.8104572,-0.79703283,-0.2744318,-0.89188385,1.0703483,1.4441102,2.4653735,-1.6124909,-0.46411145,-0.12172935,1.6830014,0.36585262,1.0316988,-0.6447235,0.37986815,0.7882409,0.6198104,-0.59083694,-0.34409687,1.0597243,0.38845775,-0.12096952,-1.4234428,-0.37613338,841235VBL801280.jpg
4.6686816,-7.5530796,-5.1164556,2.7412333,4.163061,-2.7270622,-1.5528674,-0.45036212,3.6252155,2.8664804,5.7058644,-0.2964639,2.4744453,1.3808469,-2.6579068,10.490768,4.6931705,-0.09912931,1.4217311,3.3422484,1.5515715,1.0752248,-1.5609585,-1.5168253,0.5304789,-1.4886868,-0.73282427,-1.3367589,-0.30135185,0.3639263,1.2848042,-0.36793438,-0.6626547,2.1953921,0.49730727,0.21480797,-1.481026,-0.579785,0.34594786,0.03376376,-0.89521915,0.77485913,1.7619386,0.2193775,1.1720452,0.46689072,0.6199952,-3.3166564,-1.2439055,1.1749223,1.0538065,1.3614503,1.3058914,1.00025,-0.7551272,2.7063117,0.54529005,-0.7107888,0.71291316,0.4635468,-2.7025833,-0.53007996,0.5429681,2.6893291,841235VBL801281.jpg
-0.5710999,-6.8519626,1.0699124,0.15446477,0.8883066,-1.7032392,0.86573744,-3.3887901,0.784422,-2.0060918,5.404463,-1.826615,2.9329684,-3.7650378,-3.3659134,1.1661457,-1.143456,-1.8445586,1.0950885,5.9482613,-0.4249111,2.3278039,0.193424,1.7394893,0.37670052,-0.6035624,1.2006233,-0.85670686,-2.4551692,0.59272665,0.06679259,3.1347084,2.180545,-0.5680691,1.070326,1.0225973,-2.0923615,-1.6247469,-1.0682176,-0.8460372,-0.79795533,-1.7558552,-0.2259244,-0.0027862757,1.2639015,2.2342644,1.8281494,-2.6616085,0.43742332,0.17141889,-0.32173577,0.34339774,0.38783303,0.65985703,0.9828585,1.2985176,1.2084571,0.3742655,0.61028755,1.2009395,-1.0549203,-0.19455472,-1.8270507,-0.3498895,841235VBL801309.jpg
-5.8212905,-1.9446456,2.0573335,-2.5018108,-1.4447259,-0.72131246,11.130188,-8.280352,-5.270447,-0.060749628,2.2960267,4.494458,0.61946034,2.069496,-1.9514079,-1.3494015,-3.958886,0.84649736,0.21689047,-4.040515,-0.26493305,2.1437,2.121256,1.4258242,0.35168827,0.42886594,-0.5402035,0.40458408,-0.62581265,-0.042128604,1.4224713,-0.24864714,-0.96806806,0.15870526,-0.053131044,-0.31289512,-1.9983473,0.5246638,1.2198552,-1.2272319,-0.9447152,1.5517775,-0.340363,-0.30374628,-2.2180543,1.8957211,1.5866207,-0.12605375,-1.0543604,-0.5070576,1.619014,-0.3773431,0.03397336,0.9876778,1.3441929,-0.8288718,3.2064056,0.42569,-0.5688322,0.24820717,1.2160947,0.14087255,-1.647102,-1.8612735,841239V2Q301049.jpg
-7.4073377,12.689335,5.1481953,12.480385,2.736662,-3.6345682,1.3125755,-5.018709,-3.4446971,0.07422592,4.211515,8.601052,0.92897534,9.010523,-6.143378,-0.77984077,4.4592733,1.4549946,3.5503023,0.31039318,-0.87952596,0.24128549,-1.6203762,-2.3876595,1.1506063,-1.8039622,-2.9787686,2.9511817,-2.3066096,-2.8361795,-0.32161132,0.61239123,-0.91551244,3.8543344,-5.272562,1.2421972,-1.7743224,-0.5960729,-2.9949238,1.7887092,0.011867223,-2.6442423,1.5024709,-4.4364886,-0.26509714,-0.97885275,2.954855,3.243936,-0.40331003,-4.4900436,-2.832424,-1.6781859,-1.1681486,-1.2919544,-0.66221464,-0.12747695,0.7261252,1.2834424,-0.40218216,0.57713664,1.3439635,1.1456732,-1.0742328,-0.30787322,841239V2Q301509.jpg
10.744427,0.8446483,-1.7406431,7.6897106,-1.5411546,-4.14416,0.045123868,-5.033448,-4.6079307,-3.5056913,-1.3017311,-3.9933205,1.2290769,2.4954672,6.268352,0.16685243,-2.5062406,-4.2652574,2.5705304,-0.6669337,3.8496988,4.5914316,0.021930778,0.878696,1.0557845,0.23187914,-1.2210273,0.6847101,-1.0261482,-3.2006836,-1.628367,2.564981,-0.46136394,-1.8795005,-0.34563783,-0.6638315,1.5120473,-0.46507338,1.7429835,-2.5771952,0.09106774,1.4557637,-2.592785,-1.6119546,-1.2654599,-0.54056644,-2.0839536,-1.4500915,0.7713415,-0.24210756,-0.6748971,-0.86564803,-2.0830896,0.4309462,1.3346962,-0.71319187,-1.7312341,1.8475127,-0.7785126,0.7709488,-1.3398379,0.066095375,1.6705952,-0.78890204,841368VIGA01232.jpg
14.315627,1.7023829,-2.9386206,5.5184712,0.541765,-0.031465568,-1.1539133,-4.097493,-1.6296209,-4.2410903,2.989532,-1.6012294,5.665906,-0.07094789,5.710741,-1.3669555,-3.405004,-2.0043552,-2.6050417,-0.669065,1.318947,3.7331238,-3.1756163,-1.3520985,1.0859764,1.8075006,0.4307521,0.79396003,-1.8384789,-5.203923,0.19664316,-0.39846182,-3.0319357,1.2142497,-1.9996758,-1.3735429,1.5514864,-0.15520906,0.69955266,-2.5276177,-0.8980446,1.3464367,2.3436751,-2.3760118,0.7382664,-3.0560338,0.16207932,-2.1492445,-0.51165116,0.19358912,-1.8872776,0.10743518,-0.81917125,-1.3779961,-0.8998201,0.54646516,-1.3773435,-0.60732394,-0.16162732,1.1563514,0.8024162,-1.8942049,1.0524788,0.11216439,841368VIGA01251.jpg
5.8613105,-5.7019744,-4.3665094,6.9254856,2.3767214,1.8484901,5.1782413,-5.5123596,-2.001881,-4.961421,0.46200803,4.0633035,1.1717969,0.5470973,8.636563,1.0939654,-1.5947751,0.6415505,-4.3036404,0.529277,2.6415253,3.487144,-3.132437,0.0013674906,-2.3371072,5.50155,-3.976571,1.795045,2.9426935,-5.1594634,0.64471316,0.7902251,-2.5690906,0.8550408,1.8279124,-2.5650866,0.05067107,0.9194964,0.6485471,-1.809684,-2.3643231,1.2254719,3.1035244,-0.4003994,-0.38977802,-1.9773356,1.5753943,-2.069006,-2.35767,0.5244119,-1.1415528,-0.9403035,-0.75846547,0.641054,0.41555175,-0.12538892,0.5817534,1.1371573,-0.8228971,-1.4344027,-0.41669658,0.16296357,-0.5058616,-0.22723117,841368VIGA08118.jpg
20.175697,0.6424867,-2.5840683,-2.9317613,-4.2831917,0.18105963,1.657946,-0.24462172,2.5558524,-2.5130281,-0.52242684,-2.6314316,3.9488153,-4.277123,-0.1405292,-5.0581017,-2.378673,1.6462163,4.1847167,-3.178102,1.4173341,-0.6845712,4.681284,2.2364025,-2.4405594,-0.9626514,4.130434,-1.909872,-4.714062,-0.19794413,0.17529257,1.0787112,-1.4970943,-0.67025745,-5.638728,-0.3933237,1.0029708,-1.5000336,-0.1982963,4.356377,0.45995072,-3.043069,2.8695009,-1.5609224,2.905795,-1.4158479,-1.0666244,-2.4044755,-0.82265633,-0.45237193,-1.0543152,1.1122553,0.9270279,1.2448071,-1.1178908,1.2185017,-1.9715257,-0.24072872,1.3025566,1.6190768,0.8009694,1.4346894,-0.23083785,1.1247915,845791V44501251.jpg
1.0175567,1.8642638,-4.821312,1.0803472,1.9168853,-17.109713,3.6464539,-5.691953,11.621164,9.256092,-4.5013657,0.56083316,-3.9699607,-2.2830822,1.242107,3.2711928,-2.1931765,-2.9240677,-4.979006,3.1527758,-2.3910644,-2.3145947,-0.7454793,-3.492995,-3.4169295,-0.44550043,-1.5991087,-3.3224983,-0.35603365,5.063255,2.4098303,2.328192,-7.635071,-1.2018836,-4.4822664,4.9698257,2.9034002,-3.759685,0.71538794,-0.11919798,0.60250777,-0.9348127,-0.74489516,-1.7213696,-3.092924,-0.677832,-1.7926465,0.5510926,-1.0280256,0.022907717,1.7396828,1.5173736,0.4672396,0.5346452,-0.17037816,-1.8894243,-1.3282267,1.4409251,-0.7450437,-0.92772806,-1.6371946,-0.9254119,-0.35997573,-2.603651,845792V2Q301281.jpg
-1.2232276,-1.6885444,-7.190798,12.165132,-6.0602207,-19.592823,2.1269763,7.2502446,4.856701,7.775586,-9.287934,-2.206676,-6.6810503,6.274957,0.15905903,-1.2826082,0.5992797,-1.0079354,1.9622127,5.0330033,3.409977,4.63369,5.6658998,8.196095,2.6391218,-4.6558,-0.89211136,2.381982,-0.85764754,-6.3683248,7.2962904,-4.259226,-1.1207794,-4.152122,1.3989377,0.28794208,-2.7440896,-4.248694,-0.64780694,1.1645072,-2.5705552,0.65916127,0.54547715,0.7859571,-0.3566028,1.0427909,0.36742127,-0.24270974,0.117063984,1.3250546,0.4935736,1.0539216,-0.26957685,-0.7972893,-0.96296614,0.1281907,0.26377773,-0.016985547,1.1977743,0.8621285,2.1642118,-0.6470134,0.99782586,-0.038059536,845792V2Q301323.jpg
-8.192867,-11.194891,-1.3885223,-1.6748518,-3.9033177,1.7187513,1.6657646,-0.2924338,-0.69670844,-2.0026758,-0.39464563,3.896879,0.08675607,-2.9720242,-2.2936006,1.214704,-1.0902005,1.2319572,0.08680971,-1.1110365,2.3939106,2.3387659,0.15984368,0.14815012,-1.3408191,1.3003514,0.82105255,-2.1686785,1.0648133,1.0532829,-0.30484518,-0.2467449,0.46449167,-1.3888638,-2.8262405,-1.5532728,0.6076857,-0.5998659,0.33967635,1.0909498,1.2168809,0.8899559,0.16525629,-0.16067697,0.9061031,-0.43282303,0.91218686,0.26805753,1.1102688,0.63983756,-0.20412183,0.31937665,0.8781927,1.2759849,-2.0003421,-0.42685798,1.0847415,0.25336918,-0.19524634,0.6549543,0.36227596,0.32009023,0.706602,0.09543116,845794V2Q301049.jpg
6.7791867,-1.1653059,2.7199035,-5.3130646,-2.3721066,-0.72052896,-4.645855,-1.0844734,1.0061643,3.0170095,0.2589691,1.8356383,2.9931808,-0.46322352,1.0161195,0.15152337,1.5744656,2.7378893,2.104398,-5.2615123,3.9800615,1.9534491,-0.55767083,3.3292975,-1.2521868,1.2293259,1.763213,-0.4776871,2.630481,-2.8355138,-2.0131984,1.590402,-0.49891564,-1.5337579,-0.9065577,1.8661976,-0.82763135,-1.2953854,-3.4769795,2.3598874,3.2897656,-0.46708393,-2.1953123,-0.24964775,-0.22891992,0.9496954,1.2335442,-0.99288034,-0.7539277,-0.8549969,1.5997751,-1.0996875,0.4559415,1.394377,-3.1093662,1.1266303,-0.76736134,0.15371197,-1.5030622,-0.042673405,-1.158046,0.6353392,0.0260248,0.3045632,845794V2Q301532.jpg
-5.2441907,-9.73302,2.036966,-3.3517654,-3.0534778,0.9870141,3.1679194,2.5393605,-4.4491625,-2.9413068,-7.4763227,5.013889,0.72959316,0.8725446,-1.1470743,-0.012850276,-1.3135017,1.9707972,0.3597597,-2.2126238,1.4683983,0.022080353,0.832305,-0.81400836,0.84754187,-2.3129559,0.15319526,-2.3121462,2.9849563,-0.5909204,-1.5447545,1.5039921,-1.0144303,-1.4306492,0.57713103,-1.6392766,1.3934072,-2.9295907,-1.0264441,0.3900872,0.7271038,0.6173915,0.62801933,-0.47778618,-0.43427852,-2.3486154,-1.5089384,1.2433754,-0.82030076,-1.4281018,1.3478646,-0.23251192,-2.0468664,0.3695145,-1.0965738,-1.5099349,-0.9852959,-2.310935,1.423287,-0.838392,-0.12741955,0.42901966,-1.464279,0.30948767,845795V2Q301049.jpg
-2.4166682,-6.5615273,1.0537504,2.0960932,-2.1678438,6.882263,-0.48361307,0.6286602,-1.7820268,-1.6948963,3.6720893,2.6518738,-2.2929494,-4.4614325,-2.3470297,1.9770253,-3.367755,-0.7082736,1.0560646,2.4683802,3.2301815,1.1013155,0.88092154,0.36634666,-0.72591674,0.0062015187,2.5588589,-3.1785944,-2.138928,0.14364019,1.2106805,-0.40003127,-0.5830897,-1.3501073,-1.8800958,-0.63671875,0.38535258,-1.6037709,1.5720644,-0.40596202,-0.9910002,1.1875545,-1.0902934,-0.32873148,0.46191397,-1.3759313,1.8649393,1.0102426,2.7703168,-1.8153112,-0.5863618,-0.44318455,1.5900143,0.62693405,1.563749,-0.9277835,-0.9930259,-0.2757708,-0.6654393,0.21069784,-1.3911467,0.7911086,-0.26611593,-0.84930634,845796V2Q301049.jpg
-5.041567,-1.8046644,2.8803806,7.4049788,1.947919,2.550008,-7.0934315,-2.0909772,0.31572366,1.9737062,7.8520303,-0.6632645,-0.48094043,-3.595044,-1.8048248,3.894956,1.2953111,-0.3370638,1.4172812,2.4268768,1.3068464,1.8317404,-0.5621923,-1.9793242,-0.527424,-2.9377682,0.48937756,-1.8268805,-1.3609504,-0.71446526,-0.07549798,0.3895091,-1.2283942,-0.17031662,-1.2028273,-1.9583837,0.92845845,-3.1994002,1.7915272,0.0019313879,0.11575464,1.3745804,-1.2628273,-0.9023632,0.40574744,-0.94935554,0.7378804,0.29215175,3.4411387,-2.9205797,-0.88060874,-1.0394387,3.0839722,-0.49809316,1.3923017,-1.4822505,0.78548294,-3.198823,0.063549735,-0.24288104,-0.82029283,0.049592763,-0.24825533,-0.9468179,845796V2Q302819.jpg
-11.915488,-2.5801325,2.4177787,7.287361,-5.0354123,7.1320257,2.1237571,-3.187674,-3.2112002,2.764281,6.578783,6.755224,-7.309293,-0.22950983,-0.17894447,4.010989,-1.4202889,3.2092755,-1.6137242,0.5406167,1.3807561,-0.24990565,1.4868152,1.2889391,0.0019815315,-1.0095029,1.1209552,1.0741208,-0.20241158,1.9247164,3.4075696,1.771677,1.1083987,-2.5219958,0.5364827,2.0730395,-0.7362611,0.95069486,0.19914499,-0.3696314,1.1510475,1.3133597,0.9341083,0.5584481,2.3045146,-1.1467168,-0.5240112,0.9936941,-0.16941002,0.6348819,0.5871112,1.7985499,-1.591342,-0.65766644,0.26879773,0.70112664,0.032234494,0.12797485,-0.07072586,-1.3870093,1.1605903,0.517117,0.15884632,-0.05140966,845797V2Q301049.jpg
-16.828445,4.121456,4.148807,8.261274,-3.8134522,2.6629636,-1.8046575,-5.5382037,1.2068545,-0.516056,11.806332,3.8548174,-2.4396162,3.5181987,0.24616058,3.4850514,-1.9399514,4.866062,-3.1603699,1.1053609,-1.467452,1.557284,2.3281987,0.66393954,-0.4847181,-1.0870067,5.8877726,2.3669314,-0.18986532,1.3184042,1.8231456,-0.7849508,1.2769253,-2.213755,1.6524595,4.096551,-1.1777021,1.8903928,-0.9850467,-1.612596,-0.20717773,-0.9723767,2.1543598,-2.2373908,0.76901263,-1.0758083,-0.6190338,-0.43892112,0.7136912,-0.000912466,2.699374,1.5300369,-2.2609055,-1.7718023,-1.13005,1.4541763,-1.9993529,1.0824153,0.8484741,-1.5656149,-0.34350696,-1.4407843,-0.3141568,-0.30008328,845797V2Q302819.jpg
-4.7369356,12.391012,-0.62434804,14.426197,-1.8849878,7.4958935,-5.3801875,8.317969,-1.9574716,8.611735,4.076426,4.5191092,-15.108531,4.9951825,6.398891,-2.2508025,-5.4570503,-9.979432,1.6190864,1.6687703,-0.9309845,-2.7615743,-4.5884624,-1.2778816,-2.8960986,3.852298,1.9369419,0.5711441,-0.081045,-0.5972936,-1.3877946,0.75339323,1.5905414,-1.86865,1.4518147,0.43091497,-3.1391687,-1.6116103,-0.54053074,2.2561388,3.913248,-0.7648381,3.6232066,0.043863744,2.3921294,1.9770423,-1.1389982,-0.46484292,-4.0020046,-1.1717925,-0.71441805,-1.5844752,1.4217894,2.3500042,0.66500837,-0.32898077,0.2983804,-1.8381795,0.74782413,-1.3915714,-0.5535587,0.57222533,-0.9270596,-0.27946243,845797V2Q305126.jpg
9.475543,6.0128803,2.516375,-7.981276,-4.47411,2.6216757,-8.377314,-3.7109897,0.9951323,0.8818703,3.364341,-0.3794414,-1.3245834,-0.39729398,-1.0635695,0.52156866,0.6851145,3.3262882,3.9928932,1.609715,-2.7918215,-2.3167617,-5.9160986,7.612763,0.58400625,3.8812878,-1.9530028,2.8161082,-0.9177909,-2.817977,-0.7932162,0.2512435,-1.8366308,-0.8676011,-0.80426663,1.8850341,0.8017085,2.6832798,2.8579807,-1.3488135,-0.99514806,-2.7888355,-1.554668,-1.2063377,3.5328884,-1.0849793,-4.085362,1.3588265,0.9797155,-1.4154645,2.9224179,-0.96890104,2.5222037,0.72693527,0.15855889,-2.7775726,-0.81803185,0.16022503,0.7009236,0.10120361,3.0531206,0.27615502,2.8512466,-0.5900844,846242V2Q301114.jpg
