name,label_kmeans,label_agglomerative,label_hdbscan
590248V44501049.jpg,0,0,-1
590248V44501398.jpg,1,0,-1
660165V23302819.jpg,1,0,-1
709304VCPQ38803.jpg,0,1,-1
719771V44501251.jpg,1,0,-1
734056V2Q301049.jpg,0,0,-1
734056V2Q302819.jpg,1,0,-1
756459V2Q301049.jpg,0,0,-1
756471V2Q301049.jpg,0,0,-1
756471V2Q302819.jpg,0,0,-1
756498V2Q302819.jpg,0,0,-1
756522V44508118.jpg,1,0,-1
769205V2Q301229.jpg,1,0,-1
769205V2Q301281.jpg,1,0,-1
769205V2Q301317.jpg,1,0,-1
769205V2Q301513.jpg,1,0,-1
769205V2Q302901.jpg,1,0,-1
769232V2Q301308.jpg,1,0,-1
770648V23301423.jpg,0,0,-1
770648V23301511.jpg,0,0,-1
770649V23301511.jpg,0,0,-1
770651V2Q301423.jpg,0,0,-1
770652V2Q301423.jpg,0,0,-1
770652V2Q301511.jpg,1,0,-1
770653V2Q301504.jpg,1,0,-1
770654V2Q301423.jpg,0,0,-1
770654V2Q301511.jpg,0,0,-1
770655V2Q301423.jpg,0,0,-1
770655V2Q301511.jpg,0,0,-1
779517V44501251.jpg,1,0,-1
779517V44508045.jpg,1,0,-1
779517V44508107.jpg,1,0,-1
779523VBL801049.jpg,1,0,-1
791644V2Q301049.jpg,1,0,-1
791644V2Q302819.jpg,0,0,-1
799385V44501219.jpg,0,0,-1
799386V44501251.jpg,1,0,-1
799386V44508045.jpg,1,0,-1
799386V44508118.jpg,1,0,-1
799387V2Q301049.jpg,0,0,-1
799387V2Q302819.jpg,0,0,-1
799389V2Q301049.jpg,0,0,-1
799394V2Q301049.jpg,0,0,-1
799394V2Q302900.jpg,0,0,-1
799396V2Q301049.jpg,0,0,-1
799397V2Q301423.jpg,0,0,-1
799397V2Q301511.jpg,0,0,-1
799398V2Q301423.jpg,0,0,-1
799398V2Q301511.jpg,1,0,-1
799398V2Q302018.jpg,1,0,-1
799399V2Q301423.jpg,0,0,-1
799399V2Q301511.jpg,1,0,-1
799400V2Q301511.jpg,1,0,-1
799400V2Q309755.jpg,1,0,-1
799401V2Q301511.jpg,0,0,-1
799401V2Q309755.jpg,1,0,-1
799402V2Q301423.jpg,0,0,-1
799402V2Q301511.jpg,1,0,-1
810382V44501049.jpg,0,0,-1
810382V44506411.jpg,1,0,-1
810382V44507410.jpg,1,0,-1
821447VBL801280.jpg,0,0,-1
821447VBL801315.jpg,0,0,-1
821483V2Q301049.jpg,0,0,-1
821483V2Q301509.jpg,0,0,-1
821483V2Q306006.jpg,1,0,-1
821495V44508043.jpg,1,0,-1
821495V44508045.jpg,1,0,-1
821495V44508107.jpg,1,0,-1
821495V44508118.jpg,1,0,-1
821495V44508224.jpg,1,0,-1
821505V2Q301049.jpg,0,0,-1
821505V2Q302819.jpg,0,0,-1
821510V2Q301049.jpg,0,0,-1
821510V2Q302900.jpg,1,0,-1
821514V2Q301049.jpg,0,0,-1
821514V2Q301136.jpg,1,0,-1
832788V2Q301280.jpg,0,0,-1
832788V2Q302003.jpg,1,0,-1
832792V2Q301049.jpg,0,0,-1
832794V2Q301049.jpg,1,0,-1
832794V2Q302819.jpg,0,0,-1
832796V44508107.jpg,1,0,-1
832797V44501219.jpg,0,0,-1
832875VBL801508.jpg,0,0,-1
832879V44501398.jpg,1,0,-1
832879V44508020.jpg,1,0,-1
832947V2Q301295.jpg,1,0,-1
832950V2Q301423.jpg,1,0,-1
832950V2Q301511.jpg,0,0,-1
832950V2Q306414.jpg,1,0,-1
832952V2Q301423.jpg,0,0,-1
832952V2Q301511.jpg,0,0,-1
832954V2Q301295.jpg,0,0,-1
841099VBL801049.jpg,0,0,-1
841099VBL801508.jpg,0,0,-1
841169VBL801049.jpg,0,0,-1
841169VBL801508.jpg,0,0,-1
841186V2Q301049.jpg,0,0,-1
841186V2Q307410.jpg,1,0,-1
841191V2Q301049.jpg,0,0,-1
841191V2Q301307.jpg,1,0,-1
841191V2Q302819.jpg,0,0,-1
841201V2Q301423.jpg,1,0,-1
841201V2Q301511.jpg,1,0,-1
841213V2Q302819.jpg,0,0,-1
841235VBL801280.jpg,1,0,-1
841235VBL801281.jpg,1,0,-1
841235VBL801309.jpg,0,0,-1
841239V2Q301049.jpg,0,0,-1
841239V2Q301509.jpg,0,0,-1
841368VIGA01232.jpg,1,0,-1
841368VIGA01251.jpg,1,0,-1
841368VIGA08118.jpg,1,0,-1
845791V44501251.jpg,1,0,-1
845792V2Q301281.jpg,1,0,-1
845792V2Q301323.jpg,0,0,-1
845794V2Q301049.jpg,0,0,-1
845794V2Q301532.jpg,1,0,-1
845795V2Q301049.jpg,0,0,-1
845796V2Q301049.jpg,0,0,-1
845796V2Q302819.jpg,0,0,-1
845797V2Q301049.jpg,0,0,-1
845797V2Q302819.jpg,0,0,-1
845797V2Q305126.jpg,0,0,-1
846242V2Q301114.jpg,1,0,-1
