Product Name,Price,Category
Prada_1,€ 490,womens
Prada_2,€ 490,womens
Prada_3,€ 430,womens
Prada_4,€ 430,womens
Prada_5,€ 410,womens
Prada_6,€ 390,womens
Prada_7,€ 390,womens
Prada_8,€ 390,womens
Prada_9,€ 390,womens
Prada_10,€ 390,womens
Prada_11,€ 390,womens
Prada_12,€ 440,womens
Prada_13,€ 430,womens
Prada_14,€ 430,womens
Prada_15,€ 430,womens
Prada_16,€ 430,womens
Prada_17,€ 390,womens
Prada_18,€ 390,womens
Prada_19,€ 390,womens
Prada_20,€ 390,womens
Prada_21,€ 390,womens
Prada_22,€ 390,womens
Prada_23,€ 390,womens
Prada_24,€ 390,womens
Prada_25,€ 390,womens
Prada_26,€ 390,womens
Prada_27,€ 390,womens
Prada_28,€ 980,womens
Prada_29,€ 980,womens
Prada_30,€ 370,womens
Prada_31,€ 370,womens
Prada_32,€ 370,womens
Prada_33,€ 370,womens
Prada_34,€ 370,womens
Prada_35,€ 370,womens
Prada_36,€ 390,womens
Prada_37,€ 390,womens
Prada_38,€ 390,womens
Prada_39,€ 390,womens
Prada_40,€ 370,womens
Prada_41,€ 370,womens
Prada_42,€ 370,womens
Prada_43,€ 370,womens
Prada_44,€ 390,womens
Prada_45,€ 410,womens
Prada_46,€ 390,womens
Prada_47,€ 390,womens
Prada_48,€ 350,womens
Prada_49,€ 350,womens
Prada_50,€ 390,womens
Prada_51,€ 390,womens
Prada_52,€ 390,womens
Prada_53,€ 370,womens
Prada_54,€ 370,womens
Prada_55,€ 370,womens
Prada_56,€ 370,womens
Prada_57,€ 370,womens
Prada_58,€ 370,womens
Prada_59,€ 370,womens
Prada_60,€ 370,womens
Prada_61,€ 370,womens
Prada_62,€ 370,womens
Prada_63,€ 370,womens
Prada_64,€ 370,womens
Prada_65,€ 370,womens
Prada_66,€ 370,womens
Prada_67,€ 370,womens
Prada_68,€ 410,womens
Prada_69,€ 410,womens
Prada_70,€ 410,womens
Prada_71,€ 370,womens
Prada_72,€ 370,womens
Prada_73,€ 390,womens
Prada_74,€ 390,womens
Prada_75,€ 390,womens
Prada_76,€ 370,womens
Prada_77,€ 370,womens
Prada_78,€ 370,womens
Prada_79,€ 410,womens
Prada_80,€ 410,womens
Prada_81,€ 370,womens
Prada_82,€ 370,womens
Prada_83,€ 370,womens
Prada_84,€ 370,womens
Prada_85,€ 370,womens
Prada_86,€ 390,womens
Prada_87,€ 390,womens
Prada_88,€ 390,womens
Prada_89,€ 370,womens
Prada_90,€ 370,womens
Prada_91,€ 410,womens
Prada_92,€ 430,womens
Prada_93,€ 430,womens
Prada_94,€ 430,womens
Prada_95,€ 370,womens
Prada_96,€ 370,womens
Prada_97,€ 370,womens
Prada_98,€ 370,womens
Prada_99,€ 370,womens
Prada_100,€ 370,mens
Prada_101,€ 370,mens
Prada_102,€ 410,mens
Prada_103,€ 410,mens
Prada_104,€ 410,mens
Prada_105,€ 410,mens
Prada_106,€ 390,mens
Prada_107,€ 390,mens
Prada_108,€ 390,mens
Prada_109,€ 390,mens
Prada_110,€ 390,mens
Prada_111,€ 390,mens
Prada_112,€ 370,mens
Prada_113,€ 370,mens
Prada_114,€ 430,mens
Prada_115,€ 430,mens
Prada_116,€ 430,mens
Prada_117,€ 430,mens
Prada_118,€ 430,mens
Prada_119,€ 430,mens
Prada_120,€ 390,mens
Prada_121,€ 390,mens
Prada_122,€ 390,mens
Prada_123,€ 370,mens
Prada_124,€ 370,mens
Prada_125,€ 370,mens
Prada_126,€ 370,mens
Prada_127,€ 390,mens
Prada_128,€ 390,mens
Prada_129,€ 440,mens
Prada_130,€ 390,mens
Prada_131,€ 440,mens
Prada_132,€ 390,mens
Prada_133,€ 390,mens
Prada_134,€ 390,mens
Prada_135,€ 350,mens
Prada_136,€ 350,mens
Prada_137,€ 330,mens
Prada_138,€ 330,mens
Prada_139,€ 330,mens
Prada_140,€ 330,mens
Prada_141,€ 330,mens
Prada_142,€ 370,mens
Prada_143,€ 330,mens
Prada_144,€ 330,mens
Prada_145,€ 440,mens
Prada_146,€ 440,mens
Prada_147,€ 370,mens
Prada_148,€ 370,mens
Prada_149,€ 370,mens
Prada_150,€ 370,mens
Prada_151,€ 390,mens
Prada_152,€ 440,mens
Prada_153,€ 390,mens
Prada_154,€ 390,mens
Prada_155,€ 390,mens
Prada_156,€ 390,mens
Prada_157,€ 370,mens
Prada_158,€ 370,mens
Prada_159,€ 370,mens
Prada_160,€ 330,mens
Prada_161,€ 330,mens
Prada_162,€ 330,mens
Prada_163,€ 390,mens
Prada_164,€ 370,mens
Prada_165,€ 310,mens
Prada_166,€ 310,mens
Prada_167,€ 370,mens
Prada_168,€ 390,mens
Prada_169,€ 310,mens
Prada_170,€ 330,mens
Prada_171,€ 310,mens
Prada_172,€ 310,mens
Prada_173,€ 310,mens
Prada_174,€ 370,mens
Prada_175,€ 370,mens
Prada_176,€ 370,mens
Prada_177,€ 370,mens
Prada_178,€ 390,mens
Prada_179,€ 390,mens
Prada_180,€ 390,mens
Prada_181,€ 370,mens
Prada_182,€ 690,mens
Prada_183,€ 690,mens
Prada_184,€ 350,mens
Prada_185,€ 350,mens
Prada_186,€ 350,mens
Prada_187,€ 310,mens
Prada_188,€ 310,mens
Prada_189,€ 310,mens
Prada_190,€ 310,mens
Prada_191,€ 310,mens
Prada_192,€ 350,mens
Prada_193,€ 310,mens
Prada_194,€ 350,mens
Prada_195,€ 310,mens
Prada_196,€ 350,mens
Prada_197,€ 310,mens
Prada_198,€ 390,mens
Prada_199,€ 390,mens
Prada_200,€ 390,mens
Prada_201,€ 390,mens
Prada_202,€ 390,mens
Prada_203,€ 410,mens
Prada_204,€ 410,mens
Prada_205,€ 410,mens
Prada_206,€ 360,mens
Prada_207,€ 430,mens
Prada_208,€ 370,mens
Prada_209,,mens
Prada_210,€ 360,mens
Prada_211,€ 410,mens
Prada_212,€ 410,mens
Prada_213,€ 410,mens
Prada_214,€ 410,mens
Prada_215,€ 410,mens
Prada_216,€ 450,mens
Prada_217,€ 350,mens
Prada_218,€ 310,mens
Prada_219,€ 620,mens
Prada_220,€ 390,mens
Prada_221,€ 370,mens
Prada_222,€ 370,mens
Prada_223,€ 390,mens
Prada_224,€ 600,mens-rossa
Prada_225,€ 600,mens-rossa
